type,ga_weeks,ga_days,L,M,S,p3,p10,p50,p90,p97,-2SD,-1.5SD,Â±0SD,+1.5SD,+2SD
weight_male_nulliparous,22,0,1.594,446.995,0.122,336,373,447,514,544,328,360,447,525,549
weight_male_nulliparous,22,1,1.591,457.208,0.122,343,382,457,526,556,336,368,457,537,562
weight_male_nulliparous,22,2,1.585,477.633,0.122,359,399,478,549,581,350,385,478,561,587
weight_male_nulliparous,22,3,1.582,487.847,0.122,366,407,488,561,594,358,393,488,573,600
weight_male_nulliparous,22,4,1.575,508.279,0.123,382,424,508,585,619,373,409,508,597,625
weight_male_nulliparous,22,5,1.572,518.499,0.123,389,433,518,597,631,380,417,518,609,638
weight_male_nulliparous,22,6,1.566,538.951,0.123,405,450,539,620,656,395,434,539,634,663
weight_male_nulliparous,23,0,1.563,549.186,0.123,412,458,549,632,669,403,442,549,646,676
weight_male_nulliparous,23,1,1.559,559.427,0.123,420,467,559,644,681,410,450,559,658,689
weight_male_nulliparous,23,2,1.553,579.937,0.123,435,484,580,668,707,425,467,580,682,714
weight_male_nulliparous,23,3,1.550,590.211,0.123,443,493,590,680,719,433,475,590,694,727
weight_male_nulliparous,23,4,1.544,610.811,0.123,458,510,611,704,745,448,491,611,719,753
weight_male_nulliparous,23,5,1.540,621.144,0.123,466,518,621,716,757,455,500,621,731,766
weight_male_nulliparous,23,6,1.534,641.890,0.123,482,535,642,740,783,471,516,642,756,791
weight_male_nulliparous,24,0,1.531,652.311,0.124,489,544,652,752,796,478,525,652,768,804
weight_male_nulliparous,24,1,1.528,662.770,0.124,497,553,663,764,809,486,533,663,780,817
weight_male_nulliparous,24,2,1.521,683.813,0.124,513,570,684,788,835,501,550,684,805,844
weight_male_nulliparous,24,3,1.518,694.405,0.124,521,579,694,801,848,509,558,694,818,857
weight_male_nulliparous,24,4,1.512,715.744,0.124,537,597,716,825,874,525,575,716,843,884
weight_male_nulliparous,24,5,1.509,726.499,0.124,545,606,726,838,887,532,584,726,856,897
weight_male_nulliparous,24,6,1.502,748.195,0.124,561,624,748,863,914,548,601,748,882,924
weight_male_nulliparous,25,0,1.499,759.141,0.124,569,633,759,876,928,556,610,759,895,938
weight_male_nulliparous,25,1,1.496,770.156,0.124,578,642,770,888,941,564,619,770,908,952
weight_male_nulliparous,25,2,1.489,792.401,0.125,594,660,792,914,969,581,637,792,934,979
weight_male_nulliparous,25,3,1.486,803.634,0.125,603,670,804,927,983,589,646,804,948,993
weight_male_nulliparous,25,4,1.479,826.328,0.125,619,689,826,954,1011,605,664,826,975,1022
weight_male_nulliparous,25,5,1.476,837.793,0.125,628,698,838,967,1025,614,673,838,988,1036
weight_male_nulliparous,25,6,1.469,860.962,0.125,645,717,861,994,1054,631,691,861,1016,1065
weight_male_nulliparous,26,0,1.466,872.669,0.125,654,727,873,1008,1068,639,701,873,1030,1080
weight_male_nulliparous,26,1,1.462,884.461,0.125,663,737,884,1022,1083,648,710,884,1044,1095
weight_male_nulliparous,26,2,1.456,908.303,0.125,681,757,908,1049,1112,665,729,908,1072,1125
weight_male_nulliparous,26,3,1.452,920.354,0.125,690,766,920,1063,1127,674,739,920,1087,1140
weight_male_nulliparous,26,4,1.446,944.725,0.126,708,787,945,1092,1157,692,758,945,1116,1170
weight_male_nulliparous,26,5,1.442,957.047,0.126,717,797,957,1106,1173,701,768,957,1131,1186
weight_male_nulliparous,26,6,1.436,981.965,0.126,736,818,982,1135,1204,719,788,982,1160,1217
weight_male_nulliparous,27,0,1.432,994.562,0.126,745,828,995,1150,1219,728,798,995,1175,1233
weight_male_nulliparous,27,1,1.429,1007.252,0.126,754,838,1007,1165,1235,737,808,1007,1191,1249
weight_male_nulliparous,27,2,1.422,1032.908,0.126,773,860,1033,1195,1267,756,829,1033,1221,1281
weight_male_nulliparous,27,3,1.419,1045.874,0.126,783,870,1046,1210,1283,765,839,1046,1237,1298
weight_male_nulliparous,27,4,1.413,1072.086,0.126,803,892,1072,1240,1316,784,860,1072,1268,1331
weight_male_nulliparous,27,5,1.410,1085.330,0.126,812,903,1085,1256,1332,794,870,1085,1284,1347
weight_male_nulliparous,27,6,1.403,1112.095,0.127,832,925,1112,1287,1366,813,892,1112,1316,1381
weight_male_nulliparous,28,0,1.400,1125.617,0.127,842,936,1126,1303,1382,823,903,1126,1332,1398
weight_male_nulliparous,28,1,1.397,1139.232,0.127,853,948,1139,1319,1399,833,913,1139,1348,1415
weight_male_nulliparous,28,2,1.391,1166.743,0.127,873,970,1167,1351,1434,853,935,1167,1381,1450
weight_male_nulliparous,28,3,1.388,1180.639,0.127,883,982,1181,1367,1451,863,946,1181,1398,1467
weight_male_nulliparous,28,4,1.383,1208.717,0.127,904,1005,1209,1400,1486,884,969,1209,1432,1503
weight_male_nulliparous,28,5,1.380,1222.897,0.127,915,1017,1223,1417,1504,894,980,1223,1449,1521
weight_male_nulliparous,28,6,1.374,1251.540,0.127,936,1040,1252,1450,1539,915,1003,1252,1483,1557
weight_male_nulliparous,29,0,1.372,1266.002,0.127,947,1052,1266,1467,1557,925,1014,1266,1500,1575
weight_male_nulliparous,29,1,1.369,1280.557,0.127,958,1064,1281,1484,1576,936,1026,1281,1518,1594
weight_male_nulliparous,29,2,1.364,1309.946,0.128,979,1089,1310,1518,1612,957,1049,1310,1553,1631
weight_male_nulliparous,29,3,1.361,1324.778,0.128,990,1101,1325,1536,1631,968,1061,1325,1571,1649
weight_male_nulliparous,29,4,1.357,1354.717,0.128,1013,1126,1355,1571,1668,990,1085,1355,1607,1687
weight_male_nulliparous,29,5,1.354,1369.822,0.128,1024,1138,1370,1588,1687,1001,1097,1370,1625,1706
weight_male_nulliparous,29,6,1.350,1400.305,0.128,1046,1163,1400,1624,1725,1023,1121,1400,1661,1745
weight_male_nulliparous,30,0,1.348,1415.682,0.128,1058,1176,1416,1642,1744,1034,1133,1416,1680,1764
weight_male_nulliparous,30,1,1.346,1431.147,0.128,1069,1189,1431,1660,1764,1045,1146,1431,1698,1784
weight_male_nulliparous,30,2,1.341,1462.344,0.128,1092,1214,1462,1697,1802,1068,1170,1462,1735,1823
weight_male_nulliparous,30,3,1.339,1478.075,0.128,1104,1227,1478,1715,1822,1079,1183,1478,1754,1843
weight_male_nulliparous,30,4,1.336,1509.797,0.129,1128,1254,1510,1752,1862,1102,1208,1510,1792,1883
weight_male_nulliparous,30,5,1.334,1525.789,0.129,1140,1267,1526,1771,1882,1114,1221,1526,1811,1903
weight_male_nulliparous,30,6,1.330,1558.035,0.129,1163,1293,1558,1809,1922,1137,1247,1558,1850,1944
weight_male_nulliparous,31,0,1.329,1574.289,0.129,1176,1307,1574,1828,1942,1149,1259,1574,1869,1964
weight_male_nulliparous,31,1,1.327,1590.629,0.129,1188,1320,1591,1847,1962,1161,1273,1591,1889,1985
weight_male_nulliparous,31,2,1.324,1623.566,0.129,1212,1348,1624,1885,2003,1185,1299,1624,1928,2027
weight_male_nulliparous,31,3,1.322,1640.159,0.129,1225,1361,1640,1904,2024,1197,1312,1640,1948,2047
weight_male_nulliparous,31,4,1.319,1673.589,0.129,1249,1389,1674,1943,2066,1221,1339,1674,1988,2090
weight_male_nulliparous,31,5,1.318,1690.422,0.129,1262,1403,1690,1963,2086,1233,1352,1690,2008,2111
weight_male_nulliparous,31,6,1.315,1724.316,0.129,1287,1431,1724,2003,2129,1258,1379,1724,2049,2153
weight_male_nulliparous,32,0,1.314,1741.375,0.129,1300,1445,1741,2022,2150,1271,1393,1741,2069,2175
weight_male_nulliparous,32,1,1.312,1758.505,0.129,1313,1459,1759,2042,2171,1283,1407,1759,2090,2196
weight_male_nulliparous,32,2,1.310,1792.972,0.129,1339,1488,1793,2083,2214,1308,1434,1793,2131,2239
weight_male_nulliparous,32,3,1.308,1810.304,0.129,1352,1502,1810,2103,2235,1321,1448,1810,2151,2261
weight_male_nulliparous,32,4,1.306,1845.150,0.129,1378,1532,1845,2143,2278,1347,1476,1845,2193,2305
weight_male_nulliparous,32,5,1.305,1862.659,0.129,1391,1546,1863,2163,2300,1360,1490,1863,2213,2327
weight_male_nulliparous,32,6,1.302,1897.833,0.129,1418,1576,1898,2204,2343,1386,1519,1898,2255,2371
weight_male_nulliparous,33,0,1.301,1915.489,0.129,1431,1590,1915,2225,2365,1399,1533,1915,2276,2393
weight_male_nulliparous,33,1,1.300,1933.185,0.129,1445,1605,1933,2245,2387,1412,1547,1933,2297,2415
weight_male_nulliparous,33,2,1.298,1968.684,0.129,1472,1635,1969,2286,2430,1439,1576,1969,2339,2459
weight_male_nulliparous,33,3,1.296,1986.480,0.129,1485,1650,1986,2307,2452,1452,1591,1986,2360,2481
weight_male_nulliparous,33,4,1.294,2022.156,0.129,1513,1680,2022,2348,2496,1479,1620,2022,2402,2525
weight_male_nulliparous,33,5,1.292,2040.031,0.129,1527,1695,2040,2369,2518,1493,1634,2040,2423,2547
weight_male_nulliparous,33,6,1.289,2075.847,0.128,1554,1725,2076,2410,2561,1520,1664,2076,2465,2591
weight_male_nulliparous,34,0,1.288,2093.785,0.128,1568,1741,2094,2430,2583,1534,1678,2094,2486,2613
weight_male_nulliparous,34,1,1.286,2111.741,0.128,1582,1756,2112,2451,2605,1547,1693,2112,2508,2635
weight_male_nulliparous,34,2,1.282,2147.702,0.128,1611,1787,2148,2492,2649,1575,1723,2148,2550,2680
weight_male_nulliparous,34,3,1.281,2165.700,0.128,1625,1802,2166,2513,2671,1589,1738,2166,2571,2702
weight_male_nulliparous,34,4,1.276,2201.723,0.128,1654,1833,2202,2554,2714,1617,1768,2202,2613,2746
weight_male_nulliparous,34,5,1.274,2219.742,0.127,1668,1849,2220,2575,2736,1632,1783,2220,2634,2768
weight_male_nulliparous,34,6,1.268,2255.786,0.127,1697,1880,2256,2616,2779,1660,1814,2256,2675,2811
weight_male_nulliparous,35,0,1.266,2273.807,0.127,1712,1896,2274,2636,2801,1675,1829,2274,2696,2833
weight_male_nulliparous,35,1,1.262,2291.827,0.127,1726,1911,2292,2656,2822,1689,1844,2292,2717,2855
weight_male_nulliparous,35,2,1.255,2327.866,0.126,1756,1943,2328,2697,2865,1718,1875,2328,2759,2899
weight_male_nulliparous,35,3,1.251,2345.888,0.126,1771,1959,2346,2718,2887,1733,1891,2346,2780,2920
weight_male_nulliparous,35,4,1.243,2381.941,0.126,1801,1991,2382,2758,2930,1763,1922,2382,2821,2964
weight_male_nulliparous,35,5,1.238,2399.972,0.125,1816,2007,2400,2778,2951,1778,1938,2400,2842,2985
weight_male_nulliparous,35,6,1.227,2436.032,0.125,1847,2039,2436,2819,2994,1809,1970,2436,2883,3028
weight_male_nulliparous,36,0,1.221,2454.057,0.124,1863,2055,2454,2839,3015,1824,1986,2454,2903,3050
weight_male_nulliparous,36,1,1.214,2472.073,0.124,1878,2071,2472,2859,3036,1840,2002,2472,2924,3071
weight_male_nulliparous,36,2,1.200,2508.055,0.124,1910,2104,2508,2899,3079,1871,2034,2508,2965,3114
weight_male_nulliparous,36,3,1.192,2526.011,0.123,1926,2121,2526,2919,3100,1887,2050,2526,2985,3135
weight_male_nulliparous,36,4,1.175,2561.823,0.123,1958,2154,2562,2959,3141,1919,2083,2562,3026,3177
weight_male_nulliparous,36,5,1.166,2579.664,0.122,1974,2170,2580,2979,3162,1935,2099,2580,3046,3198
weight_male_nulliparous,36,6,1.146,2615.180,0.121,2007,2203,2615,3018,3203,1967,2132,2615,3086,3240
weight_male_nulliparous,37,0,1.135,2632.837,0.121,2023,2220,2633,3037,3224,1984,2148,2633,3105,3261
weight_male_nulliparous,37,1,1.125,2650.414,0.121,2040,2236,2650,3056,3244,2000,2165,2650,3125,3281
weight_male_nulliparous,37,2,1.101,2685.289,0.120,2072,2269,2685,3095,3284,2033,2198,2685,3164,3322
weight_male_nulliparous,37,3,1.089,2702.568,0.119,2089,2286,2703,3114,3304,2049,2214,2703,3183,3342
weight_male_nulliparous,37,4,1.064,2736.775,0.119,2122,2319,2737,3151,3343,2082,2247,2737,3221,3381
weight_male_nulliparous,37,5,1.051,2753.688,0.118,2138,2335,2754,3169,3362,2099,2263,2754,3240,3401
weight_male_nulliparous,37,6,1.024,2787.095,0.117,2171,2367,2787,3205,3400,2131,2296,2787,3276,3439
weight_male_nulliparous,38,0,1.010,2803.575,0.117,2187,2383,2804,3223,3419,2148,2312,2804,3294,3458
weight_male_nulliparous,38,1,0.996,2819.897,0.116,2203,2399,2820,3241,3437,2164,2328,2820,3312,3477
weight_male_nulliparous,38,2,0.968,2852.036,0.115,2235,2431,2852,3275,3474,2196,2359,2852,3347,3513
weight_male_nulliparous,38,3,0.954,2867.842,0.115,2251,2446,2868,3292,3491,2212,2375,2868,3365,3531
weight_male_nulliparous,38,4,0.925,2898.892,0.114,2282,2477,2899,3325,3526,2243,2406,2899,3398,3566
weight_male_nulliparous,38,5,0.910,2914.129,0.114,2297,2492,2914,3342,3543,2258,2421,2914,3415,3583
weight_male_nulliparous,38,6,0.881,2944.012,0.113,2327,2522,2944,3374,3577,2289,2451,2944,3447,3617
weight_male_nulliparous,39,0,0.866,2958.655,0.112,2342,2536,2959,3389,3593,2304,2465,2959,3463,3634
weight_male_nulliparous,39,1,0.851,2973.096,0.112,2357,2551,2973,3404,3609,2318,2480,2973,3479,3650
weight_male_nulliparous,39,2,0.823,3001.369,0.111,2386,2579,3001,3435,3641,2347,2508,3001,3509,3682
weight_male_nulliparous,39,3,0.808,3015.204,0.111,2400,2593,3015,3449,3656,2362,2522,3015,3524,3697
weight_male_nulliparous,39,4,0.780,3042.285,0.110,2427,2620,3042,3478,3686,2389,2549,3042,3554,3728
weight_male_nulliparous,39,5,0.766,3055.536,0.110,2441,2633,3056,3492,3701,2403,2563,3056,3568,3743
weight_male_nulliparous,39,6,0.738,3081.480,0.109,2467,2659,3081,3520,3730,2430,2589,3081,3596,3772
weight_male_nulliparous,40,0,0.725,3094.186,0.109,2480,2672,3094,3533,3744,2443,2601,3094,3610,3786
weight_male_nulliparous,40,1,0.711,3106.724,0.108,2493,2684,3107,3546,3758,2455,2614,3107,3623,3800
weight_male_nulliparous,40,2,0.685,3131.347,0.108,2518,2709,3131,3573,3785,2481,2639,3131,3650,3828
weight_male_nulliparous,40,3,0.672,3143.457,0.107,2531,2721,3143,3585,3798,2493,2651,3143,3663,3841
weight_male_nulliparous,40,4,0.646,3167.344,0.107,2555,2745,3167,3611,3825,2518,2675,3167,3688,3868
weight_male_nulliparous,40,5,0.633,3179.148,0.106,2567,2757,3179,3623,3838,2530,2687,3179,3701,3881
weight_male_nulliparous,40,6,0.607,3202.542,0.106,2591,2780,3203,3648,3864,2554,2711,3203,3726,3907
weight_male_nulliparous,41,0,0.595,3214.154,0.105,2603,2792,3214,3660,3876,2566,2723,3214,3738,3920
weight_male_nulliparous,41,1,0.582,3225.724,0.105,2615,2804,3226,3672,3889,2578,2734,3226,3751,3933
weight_male_nulliparous,41,2,0.557,3248.767,0.104,2639,2827,3249,3696,3915,2602,2758,3249,3775,3959
weight_male_nulliparous,41,3,0.544,3260.254,0.104,2650,2838,3260,3709,3927,2614,2769,3260,3788,3971
weight_male_nulliparous,41,4,0.519,3283.183,0.104,2674,2862,3283,3733,3952,2637,2792,3283,3812,3997
weight_male_nulliparous,41,5,0.506,3294.632,0.103,2686,2873,3295,3745,3965,2649,2804,3295,3824,4009
weight_male_nulliparous,41,6,0.481,3317.514,0.103,2709,2896,3318,3769,3990,2673,2827,3318,3848,4035
weight_male_parous,22,0,0.682,449.386,0.150,329,366,449,538,581,321,352,449,554,590
weight_male_parous,22,1,0.683,459.642,0.150,336,374,460,550,595,329,360,460,566,604
weight_male_parous,22,2,0.686,480.156,0.150,351,391,480,575,621,344,376,480,592,630
weight_male_parous,22,3,0.687,490.415,0.150,359,399,490,587,634,351,384,490,604,644
weight_male_parous,22,4,0.690,510.946,0.149,374,416,511,612,661,366,401,511,629,670
weight_male_parous,22,5,0.691,521.222,0.149,381,424,521,624,674,373,409,521,642,684
weight_male_parous,22,6,0.694,541.809,0.149,396,441,542,648,700,388,425,542,667,711
weight_male_parous,23,0,0.696,552.127,0.149,404,450,552,661,713,395,433,552,680,724
weight_male_parous,23,1,0.697,562.465,0.149,412,458,562,673,727,403,441,562,692,738
weight_male_parous,23,2,0.700,583.214,0.149,427,475,583,698,753,417,457,583,718,765
weight_male_parous,23,3,0.701,593.630,0.149,435,484,594,710,767,425,466,594,731,778
weight_male_parous,23,4,0.704,614.559,0.149,450,501,615,735,794,440,482,615,756,805
weight_male_parous,23,5,0.706,625.079,0.149,458,509,625,748,807,448,490,625,769,819
weight_male_parous,23,6,0.708,646.244,0.149,473,527,646,773,834,463,507,646,795,846
weight_male_parous,24,0,0.710,656.895,0.149,481,535,657,785,848,470,515,657,808,860
weight_male_parous,24,1,0.711,667.594,0.149,489,544,668,798,861,478,524,668,821,874
weight_male_parous,24,2,0.714,689.150,0.148,505,562,689,824,889,494,541,689,847,902
weight_male_parous,24,3,0.716,700.011,0.148,513,571,700,837,903,501,549,700,861,916
weight_male_parous,24,4,0.719,721.915,0.148,529,589,722,863,931,517,567,722,887,945
weight_male_parous,24,5,0.720,732.961,0.148,537,598,733,876,945,525,575,733,901,959
weight_male_parous,24,6,0.723,755.250,0.148,553,616,755,902,973,541,593,755,928,988
weight_male_parous,25,0,0.724,766.497,0.148,562,625,766,916,988,549,602,766,942,1002
weight_male_parous,25,1,0.726,777.813,0.148,570,634,778,929,1002,557,611,778,956,1017
weight_male_parous,25,2,0.729,800.663,0.148,587,653,801,956,1031,574,629,801,983,1046
weight_male_parous,25,3,0.730,812.199,0.148,595,662,812,970,1046,582,638,812,997,1061
weight_male_parous,25,4,0.733,835.504,0.148,612,682,836,997,1076,599,656,836,1026,1092
weight_male_parous,25,5,0.735,847.274,0.148,621,691,847,1011,1091,607,665,847,1040,1107
weight_male_parous,25,6,0.738,871.053,0.147,639,711,871,1040,1121,625,684,871,1069,1137
weight_male_parous,26,0,0.739,883.061,0.147,648,721,883,1054,1136,633,694,883,1084,1153
weight_male_parous,26,1,0.741,895.149,0.147,656,730,895,1068,1152,642,703,895,1098,1168
weight_male_parous,26,2,0.744,919.569,0.147,675,750,920,1097,1183,660,723,920,1128,1200
weight_male_parous,26,3,0.746,931.903,0.147,684,761,932,1112,1198,669,732,932,1143,1216
weight_male_parous,26,4,0.749,956.828,0.147,702,781,957,1141,1230,687,752,957,1173,1248
weight_male_parous,26,5,0.751,969.421,0.147,711,791,969,1156,1246,696,762,969,1189,1264
weight_male_parous,26,6,0.754,994.873,0.147,730,812,995,1186,1278,714,782,995,1220,1297
weight_male_parous,27,0,0.756,1007.730,0.147,740,823,1008,1201,1295,723,792,1008,1235,1313
weight_male_parous,27,1,0.757,1020.690,0.147,749,834,1021,1217,1311,733,803,1021,1251,1330
weight_male_parous,27,2,0.761,1046.870,0.146,769,855,1047,1248,1344,752,823,1047,1283,1364
weight_male_parous,27,3,0.762,1060.110,0.146,778,866,1060,1263,1361,761,834,1060,1299,1381
weight_male_parous,27,4,0.766,1086.860,0.146,798,888,1087,1295,1395,781,855,1087,1331,1415
weight_male_parous,27,5,0.767,1100.380,0.146,808,899,1100,1311,1412,790,866,1100,1347,1432
weight_male_parous,27,6,0.771,1127.710,0.146,829,922,1128,1343,1446,810,887,1128,1380,1467
weight_male_parous,28,0,0.773,1141.520,0.146,839,933,1142,1359,1464,820,898,1142,1397,1485
weight_male_parous,28,1,0.775,1155.419,0.146,849,944,1155,1376,1481,830,909,1155,1414,1503
weight_male_parous,28,2,0.778,1183.499,0.146,870,967,1183,1409,1517,851,932,1183,1448,1539
weight_male_parous,28,3,0.780,1197.681,0.145,880,979,1198,1425,1535,861,943,1198,1465,1557
weight_male_parous,28,4,0.784,1226.334,0.145,902,1003,1226,1459,1571,882,966,1226,1500,1593
weight_male_parous,28,5,0.786,1240.807,0.145,913,1015,1241,1476,1589,892,977,1241,1517,1612
weight_male_parous,28,6,0.790,1270.052,0.145,934,1039,1270,1510,1626,914,1000,1270,1552,1649
weight_male_parous,29,0,0.793,1284.827,0.145,945,1051,1285,1528,1644,925,1012,1285,1570,1668
weight_male_parous,29,1,0.795,1299.706,0.145,956,1063,1300,1545,1663,935,1024,1300,1588,1687
weight_male_parous,29,2,0.799,1329.779,0.145,979,1088,1330,1581,1701,957,1048,1330,1624,1725
weight_male_parous,29,3,0.802,1344.975,0.144,990,1101,1345,1598,1720,968,1060,1345,1642,1744
weight_male_parous,29,4,0.806,1375.688,0.144,1013,1126,1376,1634,1758,991,1085,1376,1679,1783
weight_male_parous,29,5,0.809,1391.206,0.144,1025,1139,1391,1652,1777,1002,1097,1391,1698,1803
weight_male_parous,29,6,0.814,1422.562,0.144,1048,1165,1423,1689,1817,1025,1122,1423,1735,1842
weight_male_parous,30,0,0.816,1438.400,0.144,1060,1178,1438,1708,1836,1037,1135,1438,1754,1862
weight_male_parous,30,1,0.819,1454.343,0.144,1072,1191,1454,1726,1856,1048,1147,1454,1773,1882
weight_male_parous,30,2,0.824,1486.537,0.143,1096,1218,1487,1764,1896,1072,1173,1487,1812,1923
weight_male_parous,30,3,0.827,1502.783,0.143,1108,1231,1503,1783,1917,1084,1186,1503,1831,1943
weight_male_parous,30,4,0.833,1535.558,0.143,1133,1259,1536,1821,1957,1108,1212,1536,1870,1985
weight_male_parous,30,5,0.836,1552.081,0.143,1145,1272,1552,1840,1978,1120,1226,1552,1890,2005
weight_male_parous,30,6,0.842,1585.385,0.143,1170,1300,1585,1879,2019,1144,1252,1585,1930,2047
weight_male_parous,31,0,0.845,1602.161,0.142,1183,1314,1602,1899,2040,1157,1266,1602,1950,2068
weight_male_parous,31,1,0.849,1619.016,0.142,1195,1328,1619,1918,2060,1169,1279,1619,1970,2089
weight_male_parous,31,2,0.855,1652.957,0.142,1221,1356,1653,1957,2102,1194,1307,1653,2010,2131
weight_male_parous,31,3,0.859,1670.039,0.142,1234,1371,1670,1977,2123,1207,1320,1670,2030,2153
weight_male_parous,31,4,0.866,1704.417,0.141,1260,1399,1704,2017,2166,1232,1348,1704,2071,2195
weight_male_parous,31,5,0.870,1721.712,0.141,1273,1414,1722,2037,2187,1245,1362,1722,2091,2217
weight_male_parous,31,6,0.877,1756.510,0.141,1299,1443,1757,2077,2229,1271,1390,1757,2133,2260
weight_male_parous,32,0,0.881,1774.012,0.141,1312,1457,1774,2097,2251,1283,1404,1774,2153,2281
weight_male_parous,32,1,0.885,1791.581,0.141,1325,1472,1792,2118,2272,1297,1419,1792,2174,2303
weight_male_parous,32,2,0.893,1826.911,0.140,1352,1502,1827,2158,2315,1323,1447,1827,2215,2347
weight_male_parous,32,3,0.897,1844.667,0.140,1366,1517,1845,2179,2337,1336,1462,1845,2236,2368
weight_male_parous,32,4,0.905,1880.350,0.140,1393,1547,1880,2220,2380,1363,1491,1880,2278,2412
weight_male_parous,32,5,0.909,1898.274,0.139,1407,1562,1898,2240,2402,1376,1505,1898,2299,2434
weight_male_parous,32,6,0.917,1934.284,0.139,1434,1592,1934,2281,2445,1403,1535,1934,2341,2478
weight_male_parous,33,0,0.922,1952.369,0.139,1448,1608,1952,2302,2467,1417,1549,1952,2362,2500
weight_male_parous,33,1,0.926,1970.510,0.139,1462,1623,1971,2323,2489,1430,1564,1971,2383,2522
weight_male_parous,33,2,0.934,2006.964,0.138,1490,1654,2007,2364,2532,1458,1594,2007,2425,2566
weight_male_parous,33,3,0.938,2025.282,0.138,1505,1670,2025,2385,2554,1472,1609,2025,2447,2588
weight_male_parous,33,4,0.946,2062.107,0.137,1533,1701,2062,2427,2598,1500,1640,2062,2489,2633
weight_male_parous,33,5,0.950,2080.618,0.137,1548,1717,2081,2448,2620,1514,1655,2081,2511,2655
weight_male_parous,33,6,0.957,2117.848,0.137,1577,1749,2118,2490,2665,1543,1686,2118,2554,2699
weight_male_parous,34,0,0.960,2136.572,0.136,1592,1765,2137,2511,2687,1558,1702,2137,2575,2722
weight_male_parous,34,1,0.964,2155.370,0.136,1607,1781,2155,2532,2709,1572,1717,2155,2597,2744
weight_male_parous,34,2,0.970,2193.204,0.135,1637,1814,2193,2575,2754,1602,1749,2193,2640,2789
weight_male_parous,34,3,0.972,2212.244,0.135,1652,1830,2212,2596,2776,1617,1765,2212,2662,2812
weight_male_parous,34,4,0.977,2250.584,0.134,1683,1864,2251,2639,2821,1647,1798,2251,2706,2858
weight_male_parous,34,5,0.978,2269.889,0.134,1699,1880,2270,2661,2844,1663,1814,2270,2728,2880
weight_male_parous,34,6,0.981,2308.773,0.133,1731,1915,2309,2704,2890,1694,1848,2309,2772,2926
weight_male_parous,35,0,0.982,2328.351,0.133,1747,1932,2328,2726,2912,1710,1864,2328,2794,2950
weight_male_parous,35,1,0.982,2348.017,0.133,1763,1949,2348,2748,2935,1726,1881,2348,2816,2973
weight_male_parous,35,2,0.981,2387.597,0.132,1796,1984,2388,2792,2981,1759,1916,2388,2861,3019
weight_male_parous,35,3,0.980,2407.503,0.132,1813,2002,2408,2814,3005,1776,1933,2408,2884,3043
weight_male_parous,35,4,0.977,2447.514,0.131,1847,2038,2448,2858,3051,1810,1969,2448,2929,3089
weight_male_parous,35,5,0.975,2467.607,0.130,1865,2056,2468,2881,3074,1827,1986,2468,2951,3113
weight_male_parous,35,6,0.968,2507.931,0.129,1900,2093,2508,2925,3121,1862,2023,2508,2996,3160
weight_male_parous,36,0,0.964,2528.145,0.129,1918,2111,2528,2947,3144,1879,2041,2528,3019,3183
weight_male_parous,36,1,0.960,2548.381,0.129,1935,2130,2548,2970,3167,1897,2059,2548,3042,3207
weight_male_parous,36,2,0.949,2588.876,0.128,1972,2167,2589,3014,3214,1933,2096,2589,3087,3253
weight_male_parous,36,3,0.943,2609.115,0.127,1990,2186,2609,3036,3237,1951,2115,2609,3109,3277
weight_male_parous,36,4,0.930,2649.520,0.126,2027,2224,2650,3080,3283,1988,2152,2650,3154,3323
weight_male_parous,36,5,0.922,2669.657,0.126,2045,2243,2670,3102,3306,2006,2171,2670,3176,3346
weight_male_parous,36,6,0.906,2709.721,0.125,2083,2281,2710,3145,3351,2043,2208,2710,3220,3392
weight_male_parous,37,0,0.897,2729.612,0.124,2101,2300,2730,3167,3373,2062,2227,2730,3242,3415
weight_male_parous,37,1,0.887,2749.383,0.123,2120,2318,2749,3188,3396,2081,2246,2749,3264,3437
weight_male_parous,37,2,0.867,2788.491,0.122,2157,2356,2788,3230,3439,2118,2283,2788,3306,3481
weight_male_parous,37,3,0.857,2807.790,0.122,2176,2375,2808,3251,3461,2137,2302,2808,3327,3503
weight_male_parous,37,4,0.836,2845.809,0.121,2213,2412,2846,3291,3503,2173,2339,2846,3368,3546
weight_male_parous,37,5,0.825,2864.505,0.120,2231,2430,2865,3311,3524,2192,2357,2865,3388,3566
weight_male_parous,37,6,0.803,2901.218,0.119,2267,2466,2901,3350,3564,2228,2393,2901,3428,3607
weight_male_parous,38,0,0.792,2919.219,0.118,2285,2483,2919,3369,3584,2246,2411,2919,3447,3627
weight_male_parous,38,1,0.780,2936.973,0.118,2303,2501,2937,3388,3603,2263,2428,2937,3466,3646
weight_male_parous,38,2,0.758,2971.713,0.117,2337,2535,2972,3424,3641,2298,2463,2972,3503,3684
weight_male_parous,38,3,0.747,2988.690,0.116,2354,2552,2989,3442,3659,2315,2480,2989,3521,3703
weight_male_parous,38,4,0.726,3021.826,0.115,2388,2585,3022,3477,3695,2349,2513,3022,3556,3739
weight_male_parous,38,5,0.716,3037.982,0.115,2404,2601,3038,3493,3712,2365,2529,3038,3573,3756
weight_male_parous,38,6,0.695,3069.470,0.114,2436,2633,3069,3526,3746,2397,2560,3069,3606,3790
weight_male_parous,39,0,0.686,3084.809,0.113,2451,2648,3085,3542,3762,2413,2576,3085,3622,3807
weight_male_parous,39,1,0.676,3099.885,0.113,2467,2663,3100,3557,3778,2428,2591,3100,3637,3823
weight_male_parous,39,2,0.658,3129.283,0.112,2496,2693,3129,3588,3809,2458,2621,3129,3668,3854
weight_male_parous,39,3,0.649,3143.631,0.111,2511,2707,3144,3603,3825,2473,2635,3144,3683,3869
weight_male_parous,39,4,0.633,3171.690,0.110,2539,2735,3172,3631,3854,2501,2663,3172,3712,3899
weight_male_parous,39,5,0.625,3185.427,0.110,2553,2749,3185,3646,3869,2515,2677,3185,3726,3914
weight_male_parous,39,6,0.609,3212.352,0.109,2581,2776,3212,3673,3897,2542,2704,3212,3754,3942
weight_male_parous,40,0,0.602,3225.556,0.109,2594,2789,3226,3687,3911,2556,2717,3226,3768,3956
weight_male_parous,40,1,0.595,3238.597,0.108,2607,2802,3239,3700,3924,2569,2731,3239,3781,3970
weight_male_parous,40,2,0.581,3264.219,0.107,2633,2828,3264,3726,3951,2595,2756,3264,3808,3996
weight_male_parous,40,3,0.574,3276.822,0.107,2646,2841,3277,3739,3964,2608,2769,3277,3820,4010
weight_male_parous,40,4,0.561,3301.680,0.106,2671,2866,3302,3764,3990,2633,2794,3302,3846,4035
weight_male_parous,40,5,0.555,3313.961,0.106,2684,2878,3314,3777,4003,2646,2807,3314,3858,4048
weight_male_parous,40,6,0.543,3338.291,0.105,2709,2903,3338,3802,4028,2671,2831,3338,3883,4073
weight_male_parous,41,0,0.537,3350.361,0.105,2721,2915,3350,3814,4040,2683,2843,3350,3896,4086
weight_male_parous,41,1,0.531,3362.379,0.104,2733,2927,3362,3826,4052,2695,2856,3362,3908,4098
weight_male_parous,41,2,0.519,3386.290,0.104,2757,2951,3386,3850,4077,2720,2880,3386,3932,4123
weight_male_parous,41,3,0.514,3398.198,0.103,2770,2963,3398,3862,4089,2732,2892,3398,3944,4135
weight_male_parous,41,4,0.502,3421.954,0.102,2794,2987,3422,3886,4113,2756,2916,3422,3968,4159
weight_male_parous,41,5,0.496,3433.811,0.102,2806,2999,3434,3898,4125,2769,2928,3434,3980,4171
weight_male_parous,41,6,0.485,3457.502,0.101,2830,3023,3458,3922,4149,2793,2952,3458,4004,4195
weight_female_nulliparous,22,0,0.603,400.942,0.146,297,329,401,479,517,291,317,401,492,524
weight_female_nulliparous,22,1,0.604,411.093,0.146,305,337,411,491,530,298,325,411,505,538
weight_female_nulliparous,22,2,0.606,431.401,0.146,320,354,431,515,556,313,341,431,530,564
weight_female_nulliparous,22,3,0.607,441.561,0.146,327,362,442,527,569,320,349,442,542,578
weight_female_nulliparous,22,4,0.610,461.903,0.146,342,379,462,551,595,335,365,462,567,604
weight_female_nulliparous,22,5,0.611,472.090,0.146,350,387,472,564,608,342,373,472,580,617
weight_female_nulliparous,22,6,0.613,492.505,0.146,365,404,493,588,635,357,389,493,605,644
weight_female_nulliparous,23,0,0.614,502.738,0.146,372,412,503,600,648,364,397,503,617,658
weight_female_nulliparous,23,1,0.616,512.991,0.146,380,421,513,612,661,372,405,513,630,671
weight_female_nulliparous,23,2,0.618,533.567,0.146,395,437,534,637,688,387,422,534,655,698
weight_female_nulliparous,23,3,0.619,543.893,0.146,403,446,544,649,701,394,430,544,668,711
weight_female_nulliparous,23,4,0.622,564.634,0.146,418,463,565,674,728,409,446,565,693,738
weight_female_nulliparous,23,5,0.623,575.052,0.146,425,471,575,686,741,417,454,575,706,752
weight_female_nulliparous,23,6,0.625,595.989,0.146,441,488,596,711,768,432,471,596,732,779
weight_female_nulliparous,24,0,0.627,606.510,0.146,449,497,607,724,782,439,479,607,745,793
weight_female_nulliparous,24,1,0.628,617.069,0.146,456,506,617,737,795,447,487,617,758,807
weight_female_nulliparous,24,2,0.630,638.306,0.146,472,523,638,762,823,462,504,638,784,835
weight_female_nulliparous,24,3,0.632,648.989,0.146,480,532,649,775,836,470,512,649,797,849
weight_female_nulliparous,24,4,0.634,670.493,0.146,496,549,670,800,864,485,529,670,823,877
weight_female_nulliparous,24,5,0.636,681.319,0.146,503,558,681,813,878,493,538,681,837,891
weight_female_nulliparous,24,6,0.638,703.133,0.146,519,576,703,839,906,509,555,703,863,920
weight_female_nulliparous,25,0,0.640,714.124,0.146,528,585,714,853,920,516,564,714,877,934
weight_female_nulliparous,25,1,0.641,725.176,0.146,536,594,725,866,934,524,572,725,891,948
weight_female_nulliparous,25,2,0.644,747.466,0.146,552,612,747,892,963,540,590,747,918,977
weight_female_nulliparous,25,3,0.645,758.710,0.146,560,621,759,906,978,548,599,759,932,992
weight_female_nulliparous,25,4,0.648,781.404,0.146,577,640,781,933,1007,565,616,781,960,1022
weight_female_nulliparous,25,5,0.649,792.859,0.147,585,649,793,947,1022,573,625,793,974,1037
weight_female_nulliparous,25,6,0.652,815.994,0.147,602,668,816,974,1051,589,644,816,1002,1067
weight_female_nulliparous,26,0,0.654,827.677,0.147,611,677,828,988,1066,598,653,828,1016,1082
weight_female_nulliparous,26,1,0.655,839.440,0.147,619,687,839,1002,1082,606,662,839,1031,1098
weight_female_nulliparous,26,2,0.658,863.209,0.147,637,706,863,1031,1112,623,681,863,1060,1129
weight_female_nulliparous,26,3,0.660,875.219,0.147,646,716,875,1045,1128,632,690,875,1075,1144
weight_female_nulliparous,26,4,0.663,899.489,0.147,663,736,899,1074,1159,649,709,899,1105,1176
weight_female_nulliparous,26,5,0.665,911.752,0.147,672,746,912,1088,1175,658,719,912,1120,1192
weight_female_nulliparous,26,6,0.668,936.536,0.147,690,766,937,1118,1206,676,738,937,1150,1224
weight_female_nulliparous,27,0,0.669,949.058,0.147,699,776,949,1133,1223,685,748,949,1165,1241
weight_female_nulliparous,27,1,0.671,961.667,0.147,709,787,962,1148,1239,694,758,962,1181,1257
weight_female_nulliparous,27,2,0.675,987.144,0.147,727,807,987,1178,1272,712,778,987,1212,1290
weight_female_nulliparous,27,3,0.677,1000.013,0.147,737,818,1000,1194,1288,721,788,1000,1228,1307
weight_female_nulliparous,27,4,0.680,1026.008,0.147,756,839,1026,1225,1321,739,808,1026,1260,1341
weight_female_nulliparous,27,5,0.682,1039.132,0.147,765,850,1039,1240,1338,749,819,1039,1276,1358
weight_female_nulliparous,27,6,0.686,1065.627,0.147,785,871,1066,1272,1372,768,839,1066,1308,1392
weight_female_nulliparous,28,0,0.688,1078.994,0.147,794,882,1079,1288,1389,777,850,1079,1325,1410
weight_female_nulliparous,28,1,0.690,1092.439,0.147,804,893,1092,1304,1407,787,860,1092,1341,1427
weight_female_nulliparous,28,2,0.695,1119.555,0.147,824,915,1120,1336,1441,806,882,1120,1374,1463
weight_female_nulliparous,28,3,0.697,1133.222,0.147,834,926,1133,1352,1459,816,892,1133,1391,1480
weight_female_nulliparous,28,4,0.702,1160.770,0.147,854,949,1161,1385,1494,836,914,1161,1425,1516
weight_female_nulliparous,28,5,0.704,1174.647,0.147,864,960,1175,1402,1512,845,925,1175,1441,1534
weight_female_nulliparous,28,6,0.709,1202.605,0.147,885,983,1203,1435,1547,865,947,1203,1476,1570
weight_female_nulliparous,29,0,0.712,1216.684,0.147,895,994,1217,1452,1565,875,958,1217,1493,1588
weight_female_nulliparous,29,1,0.714,1230.828,0.147,905,1006,1231,1468,1583,885,969,1231,1510,1607
weight_female_nulliparous,29,2,0.720,1259.306,0.147,926,1029,1259,1502,1620,906,991,1259,1545,1643
weight_female_nulliparous,29,3,0.723,1273.641,0.147,936,1041,1274,1519,1638,916,1002,1274,1562,1662
weight_female_nulliparous,29,4,0.729,1302.498,0.147,957,1064,1302,1553,1675,937,1025,1302,1597,1699
weight_female_nulliparous,29,5,0.732,1317.020,0.147,968,1076,1317,1570,1693,947,1036,1317,1615,1718
weight_female_nulliparous,29,6,0.738,1346.249,0.146,989,1100,1346,1605,1730,968,1059,1346,1650,1755
weight_female_nulliparous,30,0,0.742,1360.956,0.146,1000,1112,1361,1622,1749,978,1071,1361,1668,1774
weight_female_nulliparous,30,1,0.745,1375.724,0.146,1011,1124,1376,1640,1767,989,1082,1376,1686,1793
weight_female_nulliparous,30,2,0.752,1405.443,0.146,1033,1148,1405,1675,1805,1010,1106,1405,1722,1831
weight_female_nulliparous,30,3,0.756,1420.394,0.146,1043,1160,1420,1693,1824,1021,1117,1420,1740,1850
weight_female_nulliparous,30,4,0.763,1450.481,0.146,1065,1185,1450,1728,1862,1042,1141,1450,1776,1888
weight_female_nulliparous,30,5,0.767,1465.619,0.146,1077,1197,1466,1746,1881,1053,1153,1466,1795,1908
weight_female_nulliparous,30,6,0.775,1496.084,0.146,1099,1222,1496,1782,1919,1075,1177,1496,1831,1946
weight_female_nulliparous,31,0,0.779,1511.412,0.146,1110,1235,1511,1800,1938,1086,1189,1511,1850,1966
weight_female_nulliparous,31,1,0.783,1526.806,0.146,1121,1248,1527,1818,1957,1097,1201,1527,1868,1985
weight_female_nulliparous,31,2,0.792,1557.787,0.146,1144,1273,1558,1854,1996,1119,1226,1558,1905,2024
weight_female_nulliparous,31,3,0.796,1573.375,0.145,1156,1286,1573,1872,2015,1130,1238,1573,1924,2044
weight_female_nulliparous,31,4,0.805,1604.746,0.145,1179,1312,1605,1909,2054,1153,1263,1605,1961,2083
weight_female_nulliparous,31,5,0.809,1620.533,0.145,1190,1325,1621,1927,2074,1164,1275,1621,1980,2103
weight_female_nulliparous,31,6,0.818,1652.314,0.145,1214,1351,1652,1964,2113,1187,1301,1652,2018,2143
weight_female_nulliparous,32,0,0.822,1668.311,0.145,1226,1364,1668,1983,2133,1199,1313,1668,2037,2163
weight_female_nulliparous,32,1,0.826,1684.380,0.145,1238,1377,1684,2001,2153,1210,1326,1684,2056,2183
weight_female_nulliparous,32,2,0.835,1716.737,0.144,1262,1404,1717,2039,2193,1234,1352,1717,2095,2223
weight_female_nulliparous,32,3,0.839,1733.027,0.144,1274,1418,1733,2058,2213,1246,1365,1733,2114,2244
weight_female_nulliparous,32,4,0.848,1765.830,0.144,1299,1445,1766,2096,2253,1270,1392,1766,2153,2284
weight_female_nulliparous,32,5,0.852,1782.344,0.144,1311,1459,1782,2115,2273,1282,1405,1782,2172,2305
weight_female_nulliparous,32,6,0.860,1815.602,0.143,1336,1487,1816,2153,2313,1307,1432,1816,2211,2346
weight_female_nulliparous,33,0,0.864,1832.346,0.143,1349,1501,1832,2172,2334,1319,1445,1832,2231,2366
weight_female_nulliparous,33,1,0.867,1849.165,0.143,1362,1515,1849,2192,2354,1332,1459,1849,2251,2387
weight_female_nulliparous,33,2,0.874,1883.029,0.142,1388,1544,1883,2230,2395,1357,1487,1883,2290,2428
weight_female_nulliparous,33,3,0.878,1900.072,0.142,1401,1558,1900,2250,2416,1370,1501,1900,2310,2449
weight_female_nulliparous,33,4,0.884,1934.376,0.142,1428,1587,1934,2289,2457,1396,1529,1934,2350,2491
weight_female_nulliparous,33,5,0.887,1951.634,0.141,1441,1602,1952,2309,2478,1409,1543,1952,2370,2512
weight_female_nulliparous,33,6,0.892,1986.354,0.141,1468,1631,1986,2348,2520,1436,1572,1986,2411,2554
weight_female_nulliparous,34,0,0.895,2003.812,0.141,1482,1646,2004,2368,2540,1450,1586,2004,2431,2575
weight_female_nulliparous,34,1,0.897,2021.330,0.140,1496,1662,2021,2388,2561,1463,1601,2021,2451,2596
weight_female_nulliparous,34,2,0.901,2056.536,0.140,1524,1692,2057,2428,2603,1491,1631,2057,2492,2638
weight_female_nulliparous,34,3,0.903,2074.217,0.139,1538,1707,2074,2448,2624,1505,1645,2074,2512,2659
weight_female_nulliparous,34,4,0.905,2109.722,0.139,1567,1738,2110,2488,2666,1533,1676,2110,2552,2702
weight_female_nulliparous,34,5,0.906,2127.539,0.138,1582,1754,2128,2507,2687,1548,1691,2128,2573,2723
weight_female_nulliparous,34,6,0.908,2163.282,0.137,1611,1785,2163,2547,2729,1577,1722,2163,2613,2765
weight_female_nulliparous,35,0,0.908,2181.195,0.137,1626,1801,2181,2567,2750,1591,1737,2181,2634,2786
weight_female_nulliparous,35,1,0.908,2199.129,0.137,1641,1817,2199,2587,2771,1606,1753,2199,2654,2807
weight_female_nulliparous,35,2,0.908,2235.037,0.136,1671,1849,2235,2627,2812,1636,1784,2235,2694,2849
weight_female_nulliparous,35,3,0.907,2253.003,0.135,1687,1865,2253,2647,2833,1651,1800,2253,2715,2870
weight_female_nulliparous,35,4,0.905,2288.939,0.134,1718,1898,2289,2686,2874,1682,1832,2289,2755,2912
weight_female_nulliparous,35,5,0.904,2306.904,0.134,1733,1914,2307,2706,2895,1697,1848,2307,2775,2933
weight_female_nulliparous,35,6,0.900,2342.807,0.133,1765,1947,2343,2745,2936,1729,1880,2343,2815,2974
weight_female_nulliparous,36,0,0.898,2360.740,0.132,1781,1964,2361,2765,2956,1744,1897,2361,2834,2994
weight_female_nulliparous,36,1,0.895,2378.655,0.132,1797,1980,2379,2784,2976,1760,1913,2379,2854,3015
weight_female_nulliparous,36,2,0.889,2414.416,0.131,1829,2013,2414,2823,3016,1792,1946,2414,2893,3055
weight_female_nulliparous,36,3,0.885,2432.256,0.130,1845,2030,2432,2842,3036,1809,1962,2432,2913,3075
weight_female_nulliparous,36,4,0.877,2467.833,0.129,1878,2064,2468,2880,3076,1841,1996,2468,2951,3115
weight_female_nulliparous,36,5,0.873,2485.560,0.129,1894,2080,2486,2899,3095,1858,2012,2486,2971,3135
weight_female_nulliparous,36,6,0.863,2520.862,0.127,1927,2114,2521,2937,3134,1891,2046,2521,3009,3174
weight_female_nulliparous,37,0,0.857,2538.419,0.127,1944,2131,2538,2956,3154,1907,2062,2538,3027,3193
weight_female_nulliparous,37,1,0.852,2555.903,0.126,1961,2148,2556,2974,3173,1924,2079,2556,3046,3212
weight_female_nulliparous,37,2,0.840,2590.626,0.125,1994,2181,2591,3011,3210,1957,2113,2591,3083,3250
weight_female_nulliparous,37,3,0.833,2607.854,0.124,2011,2198,2608,3029,3229,1974,2130,2608,3101,3269
weight_female_nulliparous,37,4,0.820,2642.004,0.123,2044,2232,2642,3064,3266,2007,2163,2642,3137,3306
weight_female_nulliparous,37,5,0.813,2658.908,0.122,2061,2248,2659,3082,3284,2024,2180,2659,3155,3324
weight_female_nulliparous,37,6,0.798,2692.326,0.121,2094,2281,2692,3117,3319,2057,2213,2692,3190,3360
weight_female_nulliparous,38,0,0.791,2708.820,0.120,2110,2298,2709,3134,3337,2073,2229,2709,3207,3377
weight_female_nulliparous,38,1,0.783,2725.156,0.120,2127,2314,2725,3150,3354,2090,2245,2725,3224,3395
weight_female_nulliparous,38,2,0.768,2757.313,0.119,2159,2346,2757,3183,3388,2122,2277,2757,3258,3428
weight_female_nulliparous,38,3,0.760,2773.124,0.118,2175,2362,2773,3200,3404,2138,2293,2773,3274,3445
weight_female_nulliparous,38,4,0.745,2804.191,0.117,2206,2393,2804,3231,3436,2170,2325,2804,3306,3478
weight_female_nulliparous,38,5,0.737,2819.438,0.116,2222,2408,2819,3247,3452,2185,2340,2819,3322,3494
weight_female_nulliparous,38,6,0.722,2849.331,0.115,2252,2438,2849,3278,3483,2216,2370,2849,3352,3525
weight_female_nulliparous,39,0,0.714,2863.961,0.114,2267,2453,2864,3292,3498,2231,2385,2864,3367,3540
weight_female_nulliparous,39,1,0.707,2878.374,0.114,2282,2468,2878,3307,3513,2246,2400,2878,3382,3555
weight_female_nulliparous,39,2,0.692,2906.536,0.113,2311,2496,2907,3336,3542,2275,2428,2907,3411,3584
weight_female_nulliparous,39,3,0.685,2920.286,0.112,2325,2510,2920,3350,3557,2289,2442,2920,3425,3598
weight_female_nulliparous,39,4,0.671,2947.132,0.111,2352,2537,2947,3377,3584,2316,2469,2947,3452,3626
weight_female_nulliparous,39,5,0.664,2960.242,0.111,2366,2550,2960,3390,3598,2330,2483,2960,3465,3640
weight_female_nulliparous,39,6,0.650,2985.861,0.110,2392,2576,2986,3416,3624,2356,2509,2986,3491,3666
weight_female_nulliparous,40,0,0.644,2998.377,0.109,2405,2589,2998,3429,3637,2369,2521,2998,3504,3679
weight_female_nulliparous,40,1,0.637,3010.707,0.109,2418,2601,3011,3441,3650,2382,2534,3011,3517,3692
weight_female_nulliparous,40,2,0.625,3034.841,0.108,2442,2626,3035,3466,3674,2406,2558,3035,3541,3716
weight_female_nulliparous,40,3,0.619,3046.669,0.108,2454,2638,3047,3478,3687,2418,2570,3047,3553,3729
weight_female_nulliparous,40,4,0.608,3069.911,0.107,2478,2661,3070,3501,3710,2442,2594,3070,3577,3752
weight_female_nulliparous,40,5,0.602,3081.355,0.106,2490,2673,3081,3513,3722,2454,2606,3081,3588,3764
weight_female_nulliparous,40,6,0.592,3103.976,0.106,2513,2696,3104,3535,3745,2477,2628,3104,3611,3787
weight_female_nulliparous,41,0,0.586,3115.188,0.105,2524,2707,3115,3547,3756,2489,2640,3115,3623,3799
weight_female_nulliparous,41,1,0.581,3126.352,0.105,2536,2718,3126,3558,3768,2500,2651,3126,3634,3810
weight_female_nulliparous,41,2,0.571,3148.575,0.104,2559,2741,3149,3580,3790,2523,2674,3149,3656,3833
weight_female_nulliparous,41,3,0.566,3159.651,0.104,2570,2752,3160,3591,3801,2534,2685,3160,3667,3844
weight_female_nulliparous,41,4,0.556,3181.759,0.103,2593,2775,3182,3614,3824,2557,2708,3182,3690,3866
weight_female_nulliparous,41,5,0.552,3192.798,0.103,2604,2786,3193,3625,3835,2569,2719,3193,3701,3877
weight_female_nulliparous,41,6,0.542,3214.858,0.102,2627,2808,3215,3647,3857,2591,2741,3215,3723,3899
weight_female_parous,22,0,1.281,426.889,0.139,310,349,427,501,535,303,335,427,514,542
weight_female_parous,22,1,1.276,435.934,0.139,317,356,436,512,546,309,342,436,525,553
weight_female_parous,22,2,1.266,454.033,0.139,330,371,454,533,569,322,356,454,546,576
weight_female_parous,22,3,1.261,463.088,0.139,337,378,463,544,581,329,363,463,557,588
weight_female_parous,22,4,1.251,481.218,0.139,350,393,481,565,604,342,378,481,579,611
weight_female_parous,22,5,1.245,490.294,0.139,357,401,490,576,615,348,385,490,590,623
weight_female_parous,22,6,1.235,508.482,0.140,370,415,508,598,638,361,399,508,613,646
weight_female_parous,23,0,1.230,517.598,0.140,377,423,518,608,650,368,406,518,624,658
weight_female_parous,23,1,1.225,526.735,0.140,384,430,527,619,662,374,413,527,635,670
weight_female_parous,23,2,1.215,545.081,0.140,397,445,545,641,685,387,428,545,657,694
weight_female_parous,23,3,1.210,554.299,0.140,404,453,554,652,697,394,435,554,668,705
weight_female_parous,23,4,1.199,572.842,0.140,417,468,573,674,720,407,450,573,691,729
weight_female_parous,23,5,1.194,582.175,0.140,424,476,582,685,732,414,457,582,702,741
weight_female_parous,23,6,1.184,600.983,0.140,438,491,601,707,756,427,472,601,725,766
weight_female_parous,24,0,1.179,610.466,0.140,445,499,610,719,768,434,479,610,737,778
weight_female_parous,24,1,1.173,620.006,0.140,452,507,620,730,780,441,487,620,748,790
weight_female_parous,24,2,1.162,639.273,0.141,466,522,639,753,805,455,502,639,772,815
weight_female_parous,24,3,1.157,649.009,0.141,473,530,649,764,817,462,510,649,784,828
weight_female_parous,24,4,1.146,668.705,0.141,488,546,669,788,843,476,525,669,808,853
weight_female_parous,24,5,1.140,678.674,0.141,495,555,679,800,855,483,533,679,820,866
weight_female_parous,24,6,1.129,698.874,0.141,510,571,699,824,881,498,549,699,845,893
weight_female_parous,25,0,1.123,709.112,0.141,518,579,709,836,894,505,557,709,857,906
weight_female_parous,25,1,1.118,719.447,0.141,525,588,719,848,908,513,565,719,870,919
weight_female_parous,25,2,1.106,740.419,0.141,541,605,740,873,935,528,582,740,896,947
weight_female_parous,25,3,1.100,751.062,0.141,548,614,751,886,948,535,590,751,909,961
weight_female_parous,25,4,1.088,772.674,0.141,564,631,773,912,976,551,607,773,935,989
weight_female_parous,25,5,1.081,783.647,0.142,573,640,784,925,990,559,616,784,949,1003
weight_female_parous,25,6,1.069,805.938,0.142,589,659,806,951,1019,575,633,806,976,1032
weight_female_parous,26,0,1.062,817.259,0.142,597,668,817,965,1033,583,642,817,990,1047
weight_female_parous,26,1,1.056,828.700,0.142,606,677,829,979,1048,592,651,829,1004,1062
weight_female_parous,26,2,1.043,851.948,0.142,623,696,852,1006,1078,608,670,852,1033,1093
weight_female_parous,26,3,1.036,863.758,0.142,632,706,864,1021,1093,617,679,864,1047,1108
weight_female_parous,26,4,1.022,887.756,0.142,650,726,888,1049,1125,634,698,888,1077,1139
weight_female_parous,26,5,1.015,899.945,0.142,659,736,900,1064,1140,643,708,900,1092,1156
weight_female_parous,26,6,1.001,924.707,0.142,677,756,925,1093,1172,661,727,925,1122,1188
weight_female_parous,27,0,0.994,937.281,0.142,686,766,937,1109,1189,670,737,937,1138,1205
weight_female_parous,27,1,0.987,949.983,0.143,696,777,950,1124,1205,680,747,950,1153,1221
weight_female_parous,27,2,0.972,975.773,0.143,715,798,976,1155,1239,698,768,976,1185,1255
weight_female_parous,27,3,0.965,988.859,0.143,725,809,989,1170,1256,708,778,989,1201,1273
weight_female_parous,27,4,0.950,1015.412,0.143,744,830,1015,1202,1290,727,799,1015,1234,1308
weight_female_parous,27,5,0.942,1028.876,0.143,754,841,1029,1218,1308,737,810,1029,1251,1325
weight_female_parous,27,6,0.927,1056.181,0.143,775,864,1056,1251,1343,757,831,1056,1285,1362
weight_female_parous,28,0,0.920,1070.020,0.143,785,875,1070,1268,1361,767,842,1070,1302,1380
weight_female_parous,28,1,0.912,1083.984,0.143,796,887,1084,1285,1379,778,853,1084,1319,1398
weight_female_parous,28,2,0.896,1112.286,0.143,817,910,1112,1319,1416,798,876,1112,1354,1436
weight_female_parous,28,3,0.889,1126.623,0.144,827,922,1127,1336,1435,809,887,1127,1372,1455
weight_female_parous,28,4,0.873,1155.661,0.144,849,945,1156,1371,1473,830,910,1156,1408,1493
weight_female_parous,28,5,0.865,1170.359,0.144,860,958,1170,1389,1492,841,922,1170,1426,1513
weight_female_parous,28,6,0.850,1200.105,0.144,882,982,1200,1424,1531,863,946,1200,1463,1552
weight_female_parous,29,0,0.842,1215.148,0.144,894,994,1215,1442,1551,874,957,1215,1482,1573
weight_female_parous,29,1,0.834,1230.302,0.144,905,1007,1230,1461,1571,885,970,1230,1501,1593
weight_female_parous,29,2,0.818,1260.932,0.144,928,1032,1261,1498,1611,908,994,1261,1539,1633
weight_female_parous,29,3,0.811,1276.406,0.144,940,1045,1276,1516,1631,919,1006,1276,1558,1654
weight_female_parous,29,4,0.795,1307.660,0.144,963,1071,1308,1554,1672,942,1031,1308,1597,1696
weight_female_parous,29,5,0.788,1323.439,0.144,975,1084,1323,1573,1693,954,1044,1323,1616,1717
weight_female_parous,29,6,0.773,1355.290,0.144,999,1110,1355,1611,1734,977,1069,1355,1656,1759
weight_female_parous,30,0,0.765,1371.355,0.145,1011,1123,1371,1631,1755,989,1082,1371,1676,1781
weight_female_parous,30,1,0.758,1387.512,0.145,1023,1136,1388,1650,1777,1001,1095,1388,1696,1802
weight_female_parous,30,2,0.743,1420.085,0.145,1048,1163,1420,1689,1819,1025,1121,1420,1736,1845
weight_female_parous,30,3,0.736,1436.497,0.145,1060,1177,1436,1709,1841,1038,1134,1436,1757,1867
weight_female_parous,30,4,0.722,1469.559,0.145,1085,1204,1470,1749,1884,1062,1161,1470,1798,1911
weight_female_parous,30,5,0.715,1486.203,0.145,1098,1218,1486,1769,1906,1075,1174,1486,1819,1933
weight_female_parous,30,6,0.702,1519.701,0.145,1123,1246,1520,1809,1950,1100,1201,1520,1860,1978
weight_female_parous,31,0,0.695,1536.548,0.145,1136,1260,1537,1829,1972,1112,1214,1537,1881,2000
weight_female_parous,31,1,0.689,1553.456,0.145,1149,1274,1553,1850,1994,1125,1228,1553,1902,2023
weight_female_parous,31,2,0.677,1587.440,0.145,1175,1302,1587,1891,2038,1150,1255,1587,1944,2068
weight_female_parous,31,3,0.671,1604.510,0.145,1188,1316,1605,1911,2060,1163,1269,1605,1965,2090
weight_female_parous,31,4,0.660,1638.791,0.145,1214,1345,1639,1952,2105,1189,1297,1639,2007,2136
weight_female_parous,31,5,0.654,1655.999,0.145,1227,1359,1656,1973,2127,1202,1310,1656,2029,2158
weight_female_parous,31,6,0.644,1690.544,0.145,1254,1388,1691,2014,2172,1228,1338,1691,2071,2204
weight_female_parous,32,0,0.639,1707.879,0.145,1267,1402,1708,2035,2194,1241,1352,1708,2092,2227
weight_female_parous,32,1,0.635,1725.255,0.144,1280,1417,1725,2055,2217,1254,1366,1725,2114,2249
weight_female_parous,32,2,0.626,1760.129,0.144,1307,1446,1760,2097,2262,1280,1395,1760,2156,2295
weight_female_parous,32,3,0.622,1777.624,0.144,1321,1461,1778,2118,2284,1293,1409,1778,2178,2318
weight_female_parous,32,4,0.615,1812.721,0.144,1348,1490,1813,2159,2329,1320,1438,1813,2221,2363
weight_female_parous,32,5,0.612,1830.323,0.144,1361,1505,1830,2180,2352,1333,1452,1830,2242,2386
weight_female_parous,32,6,0.605,1865.626,0.144,1389,1535,1866,2222,2396,1360,1481,1866,2285,2432
weight_female_parous,33,0,0.603,1883.328,0.144,1402,1550,1883,2242,2419,1374,1495,1883,2306,2455
weight_female_parous,33,1,0.600,1901.062,0.143,1416,1565,1901,2263,2441,1387,1510,1901,2328,2477
weight_female_parous,33,2,0.595,1936.628,0.143,1444,1595,1937,2305,2486,1415,1539,1937,2370,2523
weight_female_parous,33,3,0.593,1954.461,0.143,1458,1610,1954,2326,2508,1429,1554,1954,2392,2545
weight_female_parous,33,4,0.589,1990.234,0.143,1486,1640,1990,2368,2553,1456,1583,1990,2434,2591
weight_female_parous,33,5,0.588,2008.179,0.142,1500,1656,2008,2388,2575,1470,1598,2008,2456,2613
weight_female_parous,33,6,0.584,2044.197,0.142,1529,1686,2044,2430,2620,1499,1628,2044,2499,2658
weight_female_parous,34,0,0.583,2062.279,0.142,1544,1702,2062,2451,2642,1513,1644,2062,2520,2681
weight_female_parous,34,1,0.581,2080.413,0.141,1558,1718,2080,2472,2664,1527,1659,2080,2541,2703
weight_female_parous,34,2,0.579,2116.842,0.141,1587,1749,2117,2514,2709,1556,1689,2117,2584,2749
weight_female_parous,34,3,0.578,2135.138,0.141,1602,1765,2135,2535,2731,1571,1705,2135,2606,2771
weight_female_parous,34,4,0.575,2171.900,0.140,1632,1797,2172,2576,2776,1600,1736,2172,2648,2816
weight_female_parous,34,5,0.574,2190.372,0.140,1647,1813,2190,2597,2798,1615,1752,2190,2670,2838
weight_female_parous,34,6,0.572,2227.500,0.139,1678,1846,2228,2639,2842,1645,1784,2228,2713,2883
weight_female_parous,35,0,0.571,2246.157,0.139,1694,1862,2246,2660,2864,1661,1800,2246,2734,2906
weight_female_parous,35,1,0.570,2264.874,0.138,1709,1879,2265,2681,2887,1676,1816,2265,2755,2928
weight_female_parous,35,2,0.568,2302.479,0.137,1741,1912,2302,2724,2931,1707,1849,2302,2798,2973
weight_female_parous,35,3,0.566,2321.361,0.137,1757,1929,2321,2745,2953,1723,1866,2321,2820,2995
weight_female_parous,35,4,0.564,2359.265,0.136,1789,1963,2359,2787,2997,1755,1899,2359,2863,3040
weight_female_parous,35,5,0.562,2378.274,0.136,1805,1980,2378,2808,3019,1772,1916,2378,2884,3062
weight_female_parous,35,6,0.559,2416.361,0.135,1839,2015,2416,2849,3063,1804,1950,2416,2926,3106
weight_female_parous,36,0,0.558,2435.417,0.134,1855,2032,2435,2870,3084,1821,1967,2435,2948,3128
weight_female_parous,36,1,0.556,2454.467,0.134,1872,2050,2454,2891,3106,1837,1984,2454,2969,3150
weight_female_parous,36,2,0.554,2492.515,0.133,1906,2085,2493,2932,3149,1871,2019,2493,3010,3193
weight_female_parous,36,3,0.552,2511.493,0.132,1923,2103,2511,2953,3170,1888,2036,2511,3031,3214
weight_female_parous,36,4,0.549,2549.310,0.131,1957,2138,2549,2993,3212,1921,2071,2549,3072,3256
weight_female_parous,36,5,0.548,2568.129,0.130,1974,2155,2568,3013,3232,1938,2088,2568,3092,3277
weight_female_parous,36,6,0.546,2605.528,0.129,2008,2191,2606,3053,3273,1972,2123,2606,3132,3318
weight_female_parous,37,0,0.545,2624.082,0.129,2025,2208,2624,3073,3293,1989,2140,2624,3152,3338
weight_female_parous,37,1,0.543,2642.520,0.128,2042,2226,2643,3092,3313,2006,2158,2643,3172,3358
weight_female_parous,37,2,0.541,2678.998,0.127,2076,2260,2679,3130,3352,2040,2192,2679,3210,3397
weight_female_parous,37,3,0.541,2697.017,0.126,2093,2278,2697,3149,3371,2057,2209,2697,3229,3416
weight_female_parous,37,4,0.539,2732.567,0.125,2126,2312,2733,3186,3408,2090,2243,2733,3266,3454
weight_female_parous,37,5,0.538,2750.080,0.124,2143,2329,2750,3204,3427,2107,2260,2750,3284,3472
weight_female_parous,37,6,0.536,2784.560,0.123,2176,2362,2785,3239,3462,2139,2293,2785,3320,3508
weight_female_parous,38,0,0.535,2801.525,0.122,2192,2379,2802,3256,3480,2156,2310,2802,3337,3525
weight_female_parous,38,1,0.534,2818.304,0.122,2208,2395,2818,3273,3497,2172,2326,2818,3354,3542
weight_female_parous,38,2,0.532,2851.310,0.120,2240,2427,2851,3307,3531,2204,2358,2851,3388,3576
weight_female_parous,38,3,0.531,2867.542,0.120,2256,2443,2868,3323,3547,2220,2374,2868,3404,3593
weight_female_parous,38,4,0.529,2899.479,0.119,2287,2475,2899,3356,3580,2251,2406,2899,3437,3625
weight_female_parous,38,5,0.528,2915.194,0.118,2303,2490,2915,3372,3596,2266,2421,2915,3452,3641
weight_female_parous,38,6,0.525,2946.153,0.117,2333,2521,2946,3403,3627,2296,2452,2946,3484,3672
weight_female_parous,39,0,0.524,2961.413,0.116,2348,2536,2961,3418,3642,2311,2467,2961,3499,3688
weight_female_parous,39,1,0.523,2976.534,0.116,2363,2551,2977,3433,3657,2326,2482,2977,3514,3703
weight_female_parous,39,2,0.520,3006.372,0.115,2392,2581,3006,3463,3687,2356,2511,3006,3544,3733
weight_female_parous,39,3,0.519,3021.102,0.114,2407,2595,3021,3478,3702,2370,2526,3021,3559,3748
weight_female_parous,39,4,0.517,3050.210,0.113,2436,2624,3050,3507,3731,2399,2555,3050,3588,3777
weight_female_parous,39,5,0.516,3064.594,0.112,2450,2638,3065,3522,3746,2413,2569,3065,3602,3791
weight_female_parous,39,6,0.515,3093.031,0.111,2478,2667,3093,3550,3774,2441,2597,3093,3631,3820
weight_female_parous,40,0,0.514,3107.083,0.111,2492,2681,3107,3564,3788,2455,2611,3107,3645,3834
weight_female_parous,40,1,0.514,3121.024,0.110,2505,2694,3121,3578,3802,2468,2625,3121,3659,3848
weight_female_parous,40,2,0.514,3148.585,0.110,2532,2722,3149,3606,3830,2496,2652,3149,3687,3875
weight_female_parous,40,3,0.514,3162.218,0.109,2546,2735,3162,3619,3843,2509,2665,3162,3700,3889
weight_female_parous,40,4,0.514,3189.226,0.108,2572,2762,3189,3646,3870,2535,2692,3189,3727,3916
weight_female_parous,40,5,0.514,3202.614,0.108,2585,2775,3203,3660,3884,2549,2705,3203,3741,3929
weight_female_parous,40,6,0.515,3229.207,0.107,2612,2801,3229,3686,3910,2575,2732,3229,3767,3955
weight_female_parous,41,0,0.515,3242.431,0.106,2625,2815,3242,3700,3923,2588,2745,3242,3780,3969
weight_female_parous,41,1,0.516,3255.617,0.106,2638,2828,3256,3713,3936,2601,2758,3256,3794,3982
weight_female_parous,41,2,0.517,3281.897,0.105,2663,2854,3282,3739,3962,2626,2784,3282,3820,4008
weight_female_parous,41,3,0.517,3294.999,0.105,2676,2867,3295,3752,3975,2639,2797,3295,3833,4021
weight_female_parous,41,4,0.519,3321.147,0.104,2702,2893,3321,3778,4001,2665,2823,3321,3859,4046
weight_female_parous,41,5,0.519,3334.198,0.104,2715,2906,3334,3791,4014,2678,2836,3334,3871,4059
weight_female_parous,41,6,0.521,3360.271,0.103,2741,2932,3360,3817,4040,2704,2862,3360,3897,4085
height,22,0,1.874,27.203,0.060,23.9,25.0,27.2,29.2,30.1,23.7,24.6,27.2,29.6,30.3
height,22,1,1.910,27.345,0.060,24.1,25.2,27.3,29.4,30.3,23.8,24.8,27.3,29.7,30.5
height,22,2,1.981,27.630,0.060,24.3,25.4,27.6,29.7,30.6,24.1,25.0,27.6,30.0,30.8
height,22,3,2.016,27.772,0.060,24.4,25.5,27.8,29.8,30.7,24.2,25.1,27.8,30.2,30.9
height,22,4,2.089,28.056,0.060,24.7,25.8,28.1,30.1,31.0,24.4,25.4,28.1,30.5,31.2
height,22,5,2.125,28.198,0.060,24.8,25.9,28.2,30.3,31.2,24.6,25.5,28.2,30.6,31.4
height,22,6,2.199,28.484,0.060,25.0,26.2,28.5,30.6,31.5,24.8,25.8,28.5,30.9,31.7
height,23,0,2.237,28.627,0.060,25.1,26.3,28.6,30.7,31.7,24.9,25.9,28.6,31.1,31.8
height,23,1,2.274,28.770,0.060,25.3,26.4,28.8,30.9,31.8,25.0,26.0,28.8,31.2,32.0
height,23,2,2.348,29.059,0.060,25.5,26.7,29.1,31.2,32.1,25.3,26.3,29.1,31.5,32.3
height,23,3,2.385,29.204,0.060,25.6,26.8,29.2,31.3,32.3,25.4,26.4,29.2,31.7,32.4
height,23,4,2.457,29.496,0.060,25.9,27.1,29.5,31.6,32.6,25.6,26.7,29.5,32.0,32.7
height,23,5,2.494,29.643,0.060,26.0,27.2,29.6,31.8,32.7,25.7,26.8,29.6,32.1,32.9
height,23,6,2.565,29.938,0.059,26.2,27.5,29.9,32.1,33.0,26.0,27.1,29.9,32.4,33.2
height,24,0,2.600,30.087,0.059,26.4,27.6,30.1,32.3,33.2,26.1,27.2,30.1,32.6,33.4
height,24,1,2.635,30.237,0.059,26.5,27.8,30.2,32.4,33.3,26.2,27.3,30.2,32.8,33.5
height,24,2,2.702,30.538,0.059,26.7,28.0,30.5,32.7,33.7,26.5,27.6,30.5,33.1,33.8
height,24,3,2.734,30.690,0.059,26.9,28.2,30.7,32.9,33.8,26.6,27.7,30.7,33.2,34.0
height,24,4,2.797,30.995,0.059,27.1,28.5,31.0,33.2,34.1,26.9,28.0,31.0,33.5,34.3
height,24,5,2.826,31.148,0.059,27.3,28.6,31.1,33.4,34.3,27.0,28.1,31.1,33.7,34.5
height,24,6,2.880,31.456,0.059,27.5,28.9,31.5,33.7,34.6,27.2,28.4,31.5,34.0,34.8
height,25,0,2.903,31.611,0.059,27.7,29.0,31.6,33.8,34.8,27.4,28.6,31.6,34.2,35.0
height,25,1,2.925,31.766,0.059,27.8,29.2,31.8,34.0,34.9,27.5,28.7,31.8,34.4,35.1
height,25,2,2.961,32.078,0.058,28.1,29.5,32.1,34.3,35.3,27.8,29.0,32.1,34.7,35.5
height,25,3,2.976,32.235,0.058,28.2,29.6,32.2,34.5,35.4,27.9,29.1,32.2,34.8,35.6
height,25,4,3.001,32.551,0.058,28.5,29.9,32.6,34.8,35.8,28.2,29.4,32.6,35.2,36.0
height,25,5,3.012,32.709,0.058,28.7,30.1,32.7,35.0,35.9,28.4,29.6,32.7,35.3,36.1
height,25,6,3.028,33.025,0.057,29.0,30.4,33.0,35.3,36.3,28.7,29.9,33.0,35.6,36.4
height,26,0,3.034,33.184,0.057,29.1,30.5,33.2,35.5,36.4,28.8,30.0,33.2,35.8,36.6
height,26,1,3.039,33.343,0.057,29.3,30.7,33.3,35.6,36.6,29.0,30.2,33.3,36.0,36.8
height,26,2,3.046,33.660,0.057,29.6,31.0,33.7,35.9,36.9,29.3,30.5,33.7,36.3,37.1
height,26,3,3.048,33.818,0.056,29.8,31.2,33.8,36.1,37.1,29.5,30.7,33.8,36.5,37.3
height,26,4,3.049,34.133,0.056,30.1,31.5,34.1,36.4,37.4,29.8,31.0,34.1,36.8,37.6
height,26,5,3.048,34.291,0.056,30.2,31.6,34.3,36.6,37.5,29.9,31.1,34.3,36.9,37.7
height,26,6,3.043,34.604,0.055,30.6,32.0,34.6,36.9,37.9,30.3,31.5,34.6,37.3,38.1
height,27,0,3.038,34.759,0.055,30.7,32.1,34.8,37.0,38.0,30.4,31.6,34.8,37.4,38.2
height,27,1,3.032,34.914,0.055,30.9,32.3,34.9,37.2,38.2,30.6,31.8,34.9,37.6,38.4
height,27,2,3.016,35.222,0.054,31.2,32.6,35.2,37.5,38.5,30.9,32.1,35.2,37.9,38.7
height,27,3,3.005,35.376,0.054,31.3,32.7,35.4,37.7,38.6,31.1,32.2,35.4,38.0,38.8
height,27,4,2.981,35.680,0.053,31.7,33.0,35.7,38.0,39.0,31.4,32.6,35.7,38.3,39.1
height,27,5,2.967,35.831,0.053,31.8,33.2,35.8,38.1,39.1,31.5,32.7,35.8,38.5,39.3
height,27,6,2.936,36.132,0.053,32.1,33.5,36.1,38.4,39.4,31.8,33.0,36.1,38.8,39.6
height,28,0,2.919,36.282,0.053,32.3,33.7,36.3,38.6,39.6,32.0,33.2,36.3,39.0,39.8
height,28,1,2.900,36.431,0.053,32.4,33.8,36.4,38.7,39.7,32.1,33.3,36.4,39.1,39.9
height,28,2,2.860,36.728,0.052,32.7,34.1,36.7,39.0,40.0,32.4,33.6,36.7,39.4,40.2
height,28,3,2.838,36.876,0.052,32.9,34.2,36.9,39.2,40.2,32.6,33.8,36.9,39.6,40.4
height,28,4,2.789,37.172,0.052,33.2,34.5,37.2,39.5,40.5,32.9,34.1,37.2,39.9,40.7
height,28,5,2.763,37.319,0.052,33.3,34.7,37.3,39.7,40.7,33.0,34.2,37.3,40.0,40.9
height,28,6,2.704,37.614,0.052,33.6,35.0,37.6,40.0,41.0,33.3,34.5,37.6,40.3,41.2
height,29,0,2.673,37.761,0.051,33.8,35.1,37.8,40.1,41.2,33.5,34.6,37.8,40.5,41.4
height,29,1,2.640,37.908,0.051,33.9,35.3,37.9,40.3,41.3,33.6,34.8,37.9,40.7,41.5
height,29,2,2.572,38.202,0.051,34.2,35.5,38.2,40.6,41.6,33.9,35.1,38.2,41.0,41.8
height,29,3,2.536,38.348,0.051,34.3,35.7,38.3,40.8,41.8,34.1,35.2,38.3,41.1,42.0
height,29,4,2.465,38.640,0.051,34.6,36.0,38.6,41.1,42.1,34.3,35.5,38.6,41.5,42.3
height,29,5,2.430,38.785,0.051,34.7,36.1,38.8,41.2,42.3,34.5,35.6,38.8,41.6,42.5
height,29,6,2.360,39.075,0.051,35.0,36.4,39.1,41.5,42.6,34.7,35.9,39.1,41.9,42.8
height,30,0,2.326,39.218,0.051,35.2,36.5,39.2,41.7,42.8,34.9,36.0,39.2,42.1,43.0
height,30,1,2.294,39.361,0.051,35.3,36.6,39.4,41.9,43.0,35.0,36.2,39.4,42.3,43.2
height,30,2,2.232,39.645,0.052,35.5,36.9,39.6,42.2,43.3,35.3,36.4,39.6,42.6,43.5
height,30,3,2.204,39.786,0.052,35.7,37.0,39.8,42.3,43.4,35.4,36.5,39.8,42.7,43.7
height,30,4,2.152,40.063,0.052,35.9,37.3,40.1,42.6,43.8,35.6,36.8,40.1,43.0,44.0
height,30,5,2.129,40.200,0.052,36.0,37.4,40.2,42.8,43.9,35.8,36.9,40.2,43.2,44.2
height,30,6,2.090,40.470,0.052,36.3,37.7,40.5,43.1,44.2,36.0,37.2,40.5,43.5,44.5
height,31,0,2.074,40.602,0.052,36.4,37.8,40.6,43.2,44.4,36.1,37.3,40.6,43.7,44.6
height,31,1,2.061,40.733,0.052,36.5,37.9,40.7,43.4,44.5,36.2,37.4,40.7,43.8,44.8
height,31,2,2.043,40.991,0.052,36.7,38.1,41.0,43.7,44.8,36.4,37.6,41.0,44.1,45.1
height,31,3,2.039,41.117,0.052,36.8,38.2,41.1,43.8,45.0,36.5,37.7,41.1,44.2,45.2
height,31,4,2.039,41.365,0.053,37.0,38.5,41.4,44.1,45.3,36.7,38.0,41.4,44.5,45.5
height,31,5,2.045,41.487,0.053,37.1,38.6,41.5,44.2,45.4,36.8,38.1,41.5,44.6,45.6
height,31,6,2.067,41.726,0.053,37.3,38.8,41.7,44.5,45.7,37.0,38.3,41.7,44.9,45.9
height,32,0,2.084,41.843,0.053,37.4,38.9,41.8,44.6,45.8,37.1,38.4,41.8,45.0,46.0
height,32,1,2.103,41.960,0.053,37.5,39.0,42.0,44.7,45.9,37.2,38.5,42.0,45.2,46.2
height,32,2,2.149,42.189,0.053,37.7,39.2,42.2,44.9,46.2,37.4,38.7,42.2,45.4,46.4
height,32,3,2.176,42.302,0.053,37.8,39.3,42.3,45.1,46.3,37.5,38.8,42.3,45.5,46.5
height,32,4,2.234,42.527,0.053,38.0,39.5,42.5,45.3,46.5,37.7,39.0,42.5,45.7,46.8
height,32,5,2.265,42.638,0.053,38.1,39.6,42.6,45.4,46.6,37.8,39.1,42.6,45.9,46.9
height,32,6,2.331,42.859,0.053,38.3,39.8,42.9,45.6,46.9,38.0,39.3,42.9,46.1,47.1
height,33,0,2.366,42.969,0.053,38.4,39.9,43.0,45.7,47.0,38.1,39.4,43.0,46.2,47.2
height,33,1,2.402,43.079,0.053,38.5,40.0,43.1,45.9,47.1,38.2,39.5,43.1,46.3,47.3
height,33,2,2.476,43.298,0.052,38.7,40.2,43.3,46.1,47.3,38.3,39.7,43.3,46.5,47.5
height,33,3,2.513,43.407,0.052,38.8,40.3,43.4,46.2,47.4,38.4,39.8,43.4,46.6,47.6
height,33,4,2.590,43.624,0.052,38.9,40.5,43.6,46.4,47.6,38.6,40.0,43.6,46.9,47.9
height,33,5,2.628,43.733,0.052,39.0,40.6,43.7,46.5,47.7,38.7,40.1,43.7,47.0,48.0
height,33,6,2.706,43.950,0.052,39.2,40.8,44.0,46.7,47.9,38.9,40.3,44.0,47.2,48.2
height,34,0,2.745,44.059,0.052,39.3,40.9,44.1,46.8,48.0,39.0,40.4,44.1,47.3,48.3
height,34,1,2.785,44.167,0.052,39.4,41.0,44.2,46.9,48.1,39.1,40.5,44.2,47.4,48.4
height,34,2,2.865,44.383,0.051,39.6,41.3,44.4,47.1,48.3,39.3,40.7,44.4,47.6,48.6
height,34,3,2.906,44.491,0.051,39.7,41.4,44.5,47.3,48.4,39.4,40.8,44.5,47.7,48.7
height,34,4,2.987,44.705,0.051,39.9,41.6,44.7,47.5,48.6,39.6,41.0,44.7,47.9,48.9
height,34,5,3.028,44.813,0.051,40.0,41.7,44.8,47.6,48.7,39.7,41.1,44.8,48.0,49.0
height,34,6,3.108,45.027,0.051,40.2,41.9,45.0,47.8,48.9,39.9,41.3,45.0,48.2,49.2
height,35,0,3.147,45.134,0.050,40.3,42.0,45.1,47.9,49.0,40.0,41.4,45.1,48.3,49.3
height,35,1,3.186,45.241,0.050,40.4,42.1,45.2,48.0,49.1,40.1,41.5,45.2,48.4,49.4
height,35,2,3.259,45.456,0.050,40.7,42.3,45.5,48.2,49.3,40.3,41.7,45.5,48.6,49.5
height,35,3,3.293,45.563,0.050,40.8,42.4,45.6,48.3,49.4,40.4,41.8,45.6,48.7,49.6
height,35,4,3.355,45.778,0.049,41.0,42.7,45.8,48.5,49.6,40.6,42.1,45.8,48.9,49.8
height,35,5,3.382,45.885,0.049,41.1,42.8,45.9,48.6,49.7,40.8,42.2,45.9,49.0,49.9
height,35,6,3.427,46.101,0.048,41.4,43.0,46.1,48.8,49.9,41.0,42.4,46.1,49.2,50.1
height,36,0,3.445,46.209,0.048,41.5,43.1,46.2,48.9,50.0,41.1,42.6,46.2,49.3,50.2
height,36,1,3.459,46.316,0.048,41.6,43.3,46.3,48.9,50.1,41.3,42.7,46.3,49.4,50.3
height,36,2,3.476,46.530,0.047,41.9,43.5,46.5,49.1,50.3,41.5,42.9,46.5,49.6,50.5
height,36,3,3.480,46.637,0.047,42.0,43.6,46.6,49.2,50.3,41.7,43.1,46.6,49.6,50.6
height,36,4,3.474,46.846,0.046,42.3,43.9,46.8,49.4,50.5,41.9,43.3,46.8,49.8,50.7
height,36,5,3.465,46.949,0.045,42.4,44.0,46.9,49.5,50.6,42.1,43.4,46.9,49.9,50.8
height,36,6,3.436,47.151,0.045,42.7,44.2,47.2,49.7,50.8,42.4,43.7,47.2,50.1,51.0
height,37,0,3.415,47.249,0.044,42.8,44.4,47.2,49.8,50.8,42.5,43.8,47.2,50.2,51.1
height,37,1,3.391,47.345,0.044,43.0,44.5,47.3,49.9,50.9,42.6,43.9,47.3,50.3,51.1
height,37,2,3.333,47.530,0.043,43.2,44.7,47.5,50.0,51.1,42.9,44.2,47.5,50.4,51.3
height,37,3,3.300,47.618,0.043,43.4,44.8,47.6,50.1,51.1,43.1,44.3,47.6,50.5,51.4
height,37,4,3.226,47.788,0.042,43.6,45.0,47.8,50.2,51.3,43.3,44.5,47.8,50.6,51.5
height,37,5,3.186,47.869,0.042,43.7,45.1,47.9,50.3,51.3,43.4,44.6,47.9,50.7,51.5
height,37,6,3.100,48.026,0.041,44.0,45.3,48.0,50.4,51.5,43.7,44.9,48.0,50.8,51.7
height,38,0,3.055,48.101,0.041,44.1,45.4,48.1,50.5,51.5,43.8,45.0,48.1,50.9,51.7
height,38,1,3.009,48.176,0.040,44.2,45.5,48.2,50.5,51.6,43.9,45.1,48.2,50.9,51.8
height,38,2,2.913,48.322,0.040,44.4,45.7,48.3,50.7,51.7,44.1,45.3,48.3,51.1,51.9
height,38,3,2.863,48.393,0.039,44.5,45.8,48.4,50.7,51.8,44.3,45.4,48.4,51.1,52.0
height,38,4,2.761,48.534,0.039,44.7,46.0,48.5,50.9,51.9,44.5,45.5,48.5,51.2,52.1
height,38,5,2.709,48.603,0.039,44.8,46.1,48.6,50.9,51.9,44.6,45.6,48.6,51.3,52.1
height,38,6,2.604,48.739,0.038,45.0,46.3,48.7,51.0,52.0,44.8,45.8,48.7,51.4,52.2
height,39,0,2.551,48.805,0.038,45.1,46.3,48.8,51.1,52.1,44.9,45.9,48.8,51.5,52.3
height,39,1,2.497,48.871,0.038,45.2,46.4,48.9,51.1,52.2,45.0,46.0,48.9,51.5,52.4
height,39,2,2.390,48.999,0.037,45.4,46.6,49.0,51.3,52.3,45.1,46.1,49.0,51.6,52.5
height,39,3,2.337,49.062,0.037,45.5,46.7,49.1,51.3,52.3,45.2,46.2,49.1,51.7,52.5
height,39,4,2.229,49.185,0.037,45.6,46.8,49.2,51.4,52.5,45.4,46.4,49.2,51.8,52.6
height,39,5,2.176,49.246,0.037,45.7,46.9,49.2,51.5,52.5,45.5,46.4,49.2,51.9,52.7
height,39,6,2.070,49.365,0.036,45.9,47.0,49.4,51.6,52.6,45.6,46.6,49.4,52.0,52.8
height,40,0,2.019,49.424,0.036,45.9,47.1,49.4,51.7,52.7,45.7,46.7,49.4,52.0,52.9
height,40,1,1.970,49.481,0.036,46.0,47.1,49.5,51.7,52.7,45.8,46.7,49.5,52.1,52.9
height,40,2,1.878,49.590,0.036,46.1,47.3,49.6,51.8,52.8,45.9,46.9,49.6,52.2,53.0
height,40,3,1.835,49.641,0.036,46.2,47.3,49.6,51.9,52.9,46.0,46.9,49.6,52.2,53.1
height,40,4,1.756,49.740,0.036,46.3,47.4,49.7,52.0,53.0,46.1,47.0,49.7,52.3,53.2
height,40,5,1.719,49.787,0.036,46.4,47.5,49.8,52.0,53.0,46.2,47.1,49.8,52.4,53.2
height,40,6,1.650,49.877,0.035,46.5,47.6,49.9,52.1,53.1,46.3,47.2,49.9,52.5,53.3
height,41,0,1.617,49.920,0.035,46.5,47.6,49.9,52.2,53.2,46.3,47.2,49.9,52.5,53.4
height,41,1,1.585,49.963,0.035,46.6,47.7,50.0,52.2,53.2,46.4,47.3,50.0,52.6,53.4
height,41,2,1.524,50.046,0.035,46.7,47.8,50.0,52.3,53.3,46.5,47.4,50.0,52.7,53.5
height,41,3,1.494,50.087,0.035,46.7,47.8,50.1,52.3,53.3,46.5,47.4,50.1,52.7,53.5
height,41,4,1.435,50.167,0.035,46.8,47.9,50.2,52.4,53.4,46.6,47.5,50.2,52.8,53.6
height,41,5,1.406,50.207,0.035,46.9,47.9,50.2,52.4,53.5,46.6,47.5,50.2,52.8,53.7
height,41,6,1.349,50.285,0.035,46.9,48.0,50.3,52.5,53.5,46.7,47.6,50.3,52.9,53.7
head,22,0,2.100,19.468,0.055,17.3,18.0,19.5,20.8,21.4,17.2,17.8,19.5,21.0,21.5
head,22,1,2.103,19.565,0.056,17.4,18.1,19.6,20.9,21.5,17.2,17.9,19.6,21.1,21.6
head,22,2,2.110,19.757,0.056,17.5,18.3,19.8,21.1,21.7,17.4,18.0,19.8,21.3,21.8
head,22,3,2.113,19.854,0.056,17.6,18.4,19.9,21.2,21.8,17.5,18.1,19.9,21.4,22.0
head,22,4,2.120,20.046,0.056,17.8,18.5,20.0,21.4,22.1,17.6,18.3,20.0,21.7,22.2
head,22,5,2.124,20.142,0.056,17.9,18.6,20.1,21.5,22.2,17.7,18.3,20.1,21.8,22.3
head,22,6,2.131,20.334,0.057,18.0,18.8,20.3,21.8,22.4,17.9,18.5,20.3,22.0,22.5
head,23,0,2.135,20.430,0.057,18.1,18.9,20.4,21.9,22.5,17.9,18.6,20.4,22.1,22.6
head,23,1,2.138,20.526,0.057,18.2,19.0,20.5,22.0,22.6,18.0,18.7,20.5,22.2,22.7
head,23,2,2.146,20.717,0.057,18.3,19.1,20.7,22.2,22.8,18.2,18.8,20.7,22.4,23.0
head,23,3,2.150,20.812,0.057,18.4,19.2,20.8,22.3,22.9,18.2,18.9,20.8,22.5,23.1
head,23,4,2.158,21.002,0.058,18.6,19.4,21.0,22.5,23.2,18.4,19.1,21.0,22.7,23.3
head,23,5,2.162,21.097,0.058,18.6,19.5,21.1,22.6,23.3,18.5,19.2,21.1,22.8,23.4
head,23,6,2.170,21.286,0.058,18.8,19.6,21.3,22.8,23.5,18.6,19.3,21.3,23.1,23.6
head,24,0,2.174,21.381,0.058,18.9,19.7,21.4,22.9,23.6,18.7,19.4,21.4,23.2,23.7
head,24,1,2.178,21.475,0.058,18.9,19.8,21.5,23.0,23.7,18.8,19.5,21.5,23.3,23.8
head,24,2,2.187,21.665,0.059,19.1,20.0,21.7,23.2,23.9,18.9,19.6,21.7,23.5,24.1
head,24,3,2.191,21.759,0.059,19.2,20.0,21.8,23.3,24.0,19.0,19.7,21.8,23.6,24.2
head,24,4,2.200,21.950,0.059,19.3,20.2,21.9,23.5,24.2,19.1,19.9,21.9,23.8,24.4
head,24,5,2.205,22.046,0.059,19.4,20.3,22.0,23.7,24.4,19.2,20.0,22.0,23.9,24.5
head,24,6,2.213,22.238,0.060,19.5,20.5,22.2,23.9,24.6,19.4,20.1,22.2,24.1,24.7
head,25,0,2.218,22.335,0.060,19.6,20.5,22.3,24.0,24.7,19.4,20.2,22.3,24.2,24.8
head,25,1,2.222,22.432,0.060,19.7,20.6,22.4,24.1,24.8,19.5,20.3,22.4,24.4,25.0
head,25,2,2.230,22.628,0.060,19.9,20.8,22.6,24.3,25.0,19.7,20.5,22.6,24.6,25.2
head,25,3,2.235,22.727,0.060,19.9,20.9,22.7,24.4,25.2,19.7,20.5,22.7,24.7,25.3
head,25,4,2.243,22.925,0.061,20.1,21.0,22.9,24.6,25.4,19.9,20.7,22.9,24.9,25.5
head,25,5,2.247,23.025,0.061,20.2,21.1,23.0,24.7,25.5,20.0,20.8,23.0,25.0,25.6
head,25,6,2.254,23.225,0.061,20.3,21.3,23.2,25.0,25.7,20.1,21.0,23.2,25.2,25.9
head,26,0,2.258,23.326,0.061,20.4,21.4,23.3,25.1,25.8,20.2,21.0,23.3,25.4,26.0
head,26,1,2.262,23.427,0.062,20.5,21.5,23.4,25.2,26.0,20.3,21.1,23.4,25.5,26.1
head,26,2,2.268,23.629,0.062,20.6,21.7,23.6,25.4,26.2,20.4,21.3,23.6,25.7,26.3
head,26,3,2.271,23.730,0.062,20.7,21.7,23.7,25.5,26.3,20.5,21.4,23.7,25.8,26.5
head,26,4,2.277,23.933,0.062,20.9,21.9,23.9,25.8,26.5,20.7,21.5,23.9,26.0,26.7
head,26,5,2.280,24.035,0.062,21.0,22.0,24.0,25.9,26.7,20.8,21.6,24.0,26.2,26.8
head,26,6,2.286,24.239,0.063,21.1,22.2,24.2,26.1,26.9,20.9,21.8,24.2,26.4,27.1
head,27,0,2.288,24.341,0.063,21.2,22.3,24.3,26.2,27.0,21.0,21.9,24.3,26.5,27.2
head,27,1,2.291,24.444,0.063,21.3,22.4,24.4,26.3,27.1,21.1,22.0,24.4,26.6,27.3
head,27,2,2.295,24.649,0.063,21.5,22.5,24.6,26.5,27.4,21.2,22.2,24.6,26.9,27.5
head,27,3,2.297,24.752,0.063,21.5,22.6,24.8,26.7,27.5,21.3,22.2,24.8,27.0,27.7
head,27,4,2.301,24.959,0.063,21.7,22.8,25.0,26.9,27.7,21.5,22.4,25.0,27.2,27.9
head,27,5,2.303,25.062,0.063,21.8,22.9,25.1,27.0,27.8,21.6,22.5,25.1,27.3,28.0
head,27,6,2.307,25.268,0.064,22.0,23.1,25.3,27.2,28.1,21.7,22.7,25.3,27.5,28.2
head,28,0,2.308,25.372,0.064,22.1,23.2,25.4,27.3,28.2,21.8,22.8,25.4,27.7,28.4
head,28,1,2.310,25.475,0.064,22.1,23.3,25.5,27.5,28.3,21.9,22.9,25.5,27.8,28.5
head,28,2,2.312,25.680,0.064,22.3,23.5,25.7,27.7,28.5,22.1,23.0,25.7,28.0,28.7
head,28,3,2.314,25.782,0.064,22.4,23.5,25.8,27.8,28.7,22.2,23.1,25.8,28.1,28.8
head,28,4,2.316,25.985,0.064,22.6,23.7,26.0,28.0,28.9,22.3,23.3,26.0,28.3,29.1
head,28,5,2.318,26.086,0.064,22.7,23.8,26.1,28.1,29.0,22.4,23.4,26.1,28.4,29.2
head,28,6,2.321,26.286,0.064,22.8,24.0,26.3,28.3,29.2,22.6,23.6,26.3,28.7,29.4
head,29,0,2.322,26.386,0.064,22.9,24.1,26.4,28.4,29.3,22.7,23.7,26.4,28.8,29.5
head,29,1,2.324,26.484,0.064,23.0,24.2,26.5,28.5,29.4,22.8,23.8,26.5,28.9,29.6
head,29,2,2.327,26.680,0.064,23.2,24.4,26.7,28.8,29.7,22.9,23.9,26.7,29.1,29.8
head,29,3,2.328,26.777,0.064,23.3,24.5,26.8,28.9,29.8,23.0,24.0,26.8,29.2,29.9
head,29,4,2.331,26.969,0.064,23.4,24.6,27.0,29.1,30.0,23.2,24.2,27.0,29.4,30.2
head,29,5,2.332,27.064,0.064,23.5,24.7,27.1,29.2,30.1,23.3,24.3,27.1,29.5,30.3
head,29,6,2.334,27.253,0.063,23.7,24.9,27.3,29.4,30.3,23.4,24.5,27.3,29.7,30.5
head,30,0,2.335,27.347,0.063,23.8,25.0,27.3,29.5,30.4,23.5,24.6,27.3,29.8,30.6
head,30,1,2.335,27.440,0.063,23.9,25.1,27.4,29.6,30.5,23.6,24.7,27.4,29.9,30.7
head,30,2,2.336,27.626,0.063,24.0,25.3,27.6,29.7,30.7,23.8,24.8,27.6,30.1,30.9
head,30,3,2.336,27.718,0.063,24.1,25.4,27.7,29.8,30.8,23.9,24.9,27.7,30.2,30.9
head,30,4,2.335,27.901,0.063,24.3,25.5,27.9,30.0,31.0,24.1,25.1,27.9,30.4,31.1
head,30,5,2.334,27.993,0.062,24.4,25.6,28.0,30.1,31.1,24.2,25.2,28.0,30.5,31.2
head,30,6,2.332,28.175,0.062,24.6,25.8,28.2,30.3,31.2,24.3,25.4,28.2,30.7,31.4
head,31,0,2.331,28.265,0.062,24.7,25.9,28.3,30.4,31.3,24.4,25.5,28.3,30.7,31.5
head,31,1,2.329,28.356,0.062,24.8,26.0,28.4,30.5,31.4,24.5,25.5,28.4,30.8,31.6
head,31,2,2.326,28.536,0.061,24.9,26.2,28.5,30.7,31.6,24.7,25.7,28.5,31.0,31.8
head,31,3,2.324,28.626,0.061,25.0,26.3,28.6,30.8,31.7,24.8,25.8,28.6,31.1,31.9
head,31,4,2.319,28.804,0.061,25.2,26.4,28.8,30.9,31.9,25.0,26.0,28.8,31.3,32.1
head,31,5,2.317,28.892,0.060,25.3,26.5,28.9,31.0,32.0,25.1,26.1,28.9,31.4,32.1
head,31,6,2.312,29.068,0.060,25.5,26.7,29.1,31.2,32.1,25.3,26.3,29.1,31.5,32.3
head,32,0,2.309,29.155,0.060,25.6,26.8,29.2,31.3,32.2,25.4,26.4,29.2,31.6,32.4
head,32,1,2.306,29.242,0.059,25.7,26.9,29.2,31.4,32.3,25.4,26.5,29.2,31.7,32.5
head,32,2,2.299,29.414,0.059,25.9,27.1,29.4,31.5,32.5,25.6,26.6,29.4,31.9,32.6
head,32,3,2.295,29.500,0.059,26.0,27.2,29.5,31.6,32.5,25.7,26.7,29.5,32.0,32.7
head,32,4,2.287,29.669,0.058,26.2,27.3,29.7,31.8,32.7,25.9,26.9,29.7,32.1,32.9
head,32,5,2.283,29.753,0.058,26.3,27.4,29.8,31.9,32.8,26.0,27.0,29.8,32.2,33.0
head,32,6,2.273,29.918,0.057,26.4,27.6,29.9,32.0,32.9,26.2,27.2,29.9,32.4,33.1
head,33,0,2.268,30.000,0.057,26.5,27.7,30.0,32.1,33.0,26.3,27.3,30.0,32.4,33.2
head,33,1,2.263,30.081,0.057,26.6,27.8,30.1,32.2,33.1,26.4,27.4,30.1,32.5,33.3
head,33,2,2.252,30.240,0.056,26.8,28.0,30.2,32.3,33.2,26.6,27.6,30.2,32.7,33.4
head,33,3,2.245,30.319,0.056,26.9,28.1,30.3,32.4,33.3,26.7,27.6,30.3,32.7,33.5
head,33,4,2.232,30.474,0.055,27.1,28.2,30.5,32.5,33.4,26.9,27.8,30.5,32.9,33.6
head,33,5,2.225,30.550,0.055,27.2,28.3,30.5,32.6,33.5,27.0,27.9,30.6,32.9,33.7
head,33,6,2.209,30.699,0.054,27.4,28.5,30.7,32.7,33.6,27.1,28.1,30.7,33.1,33.8
head,34,0,2.201,30.773,0.054,27.5,28.6,30.8,32.8,33.7,27.2,28.2,30.8,33.1,33.9
head,34,1,2.193,30.845,0.053,27.6,28.6,30.8,32.9,33.8,27.3,28.3,30.8,33.2,33.9
head,34,2,2.175,30.988,0.052,27.7,28.8,31.0,33.0,33.9,27.5,28.4,31.0,33.3,34.1
head,34,3,2.165,31.058,0.052,27.8,28.9,31.1,33.1,33.9,27.6,28.5,31.1,33.4,34.1
head,34,4,2.145,31.196,0.051,28.0,29.1,31.2,33.2,34.1,27.8,28.7,31.2,33.5,34.2
head,34,5,2.134,31.264,0.051,28.1,29.1,31.3,33.2,34.1,27.9,28.8,31.3,33.6,34.3
head,34,6,2.111,31.397,0.050,28.3,29.3,31.4,33.4,34.2,28.0,28.9,31.4,33.7,34.4
head,35,0,2.100,31.463,0.050,28.3,29.4,31.5,33.4,34.3,28.1,29.0,31.5,33.7,34.5
head,35,1,2.087,31.528,0.050,28.4,29.5,31.5,33.5,34.3,28.2,29.1,31.5,33.8,34.5
head,35,2,2.062,31.657,0.049,28.6,29.6,31.7,33.6,34.4,28.4,29.2,31.7,33.9,34.6
head,35,3,2.048,31.720,0.049,28.7,29.7,31.7,33.6,34.5,28.5,29.3,31.7,33.9,34.7
head,35,4,2.020,31.844,0.048,28.8,29.8,31.8,33.7,34.6,28.6,29.5,31.8,34.0,34.8
head,35,5,2.006,31.906,0.047,28.9,29.9,31.9,33.8,34.6,28.7,29.5,31.9,34.1,34.8
head,35,6,1.976,32.027,0.047,29.1,30.0,32.0,33.9,34.7,28.9,29.7,32.0,34.2,34.9
head,36,0,1.960,32.086,0.046,29.2,30.1,32.1,33.9,34.8,29.0,29.8,32.1,34.2,34.9
head,36,1,1.944,32.144,0.046,29.2,30.2,32.1,34.0,34.8,29.0,29.8,32.1,34.3,35.0
head,36,2,1.912,32.259,0.045,29.4,30.3,32.3,34.1,34.9,29.2,30.0,32.3,34.4,35.1
head,36,3,1.895,32.316,0.045,29.5,30.4,32.3,34.1,35.0,29.3,30.1,32.3,34.4,35.1
head,36,4,1.861,32.425,0.044,29.6,30.5,32.4,34.2,35.0,29.4,30.2,32.4,34.5,35.2
head,36,5,1.844,32.478,0.044,29.7,30.6,32.5,34.3,35.1,29.5,30.3,32.5,34.6,35.2
head,36,6,1.810,32.581,0.043,29.8,30.7,32.6,34.4,35.2,29.6,30.4,32.6,34.7,35.3
head,37,0,1.794,32.630,0.043,29.9,30.8,32.6,34.4,35.2,29.7,30.5,32.6,34.7,35.4
head,37,1,1.777,32.677,0.043,30.0,30.8,32.7,34.4,35.2,29.8,30.5,32.7,34.7,35.4
head,37,2,1.745,32.766,0.042,30.1,30.9,32.8,34.5,35.3,29.9,30.6,32.8,34.8,35.5
head,37,3,1.729,32.808,0.042,30.1,31.0,32.8,34.5,35.3,30.0,30.7,32.8,34.8,35.5
head,37,4,1.700,32.885,0.042,30.2,31.1,32.9,34.6,35.4,30.1,30.8,32.9,34.9,35.6
head,37,5,1.686,32.920,0.041,30.3,31.1,32.9,34.6,35.4,30.1,30.8,32.9,34.9,35.6
head,37,6,1.661,32.983,0.041,30.4,31.2,33.0,34.7,35.5,30.2,30.9,33.0,35.0,35.6
head,38,0,1.649,33.011,0.041,30.4,31.2,33.0,34.7,35.5,30.2,30.9,33.0,35.0,35.6
head,38,1,1.638,33.037,0.041,30.4,31.3,33.0,34.7,35.5,30.3,31.0,33.0,35.0,35.7
head,38,2,1.619,33.083,0.041,30.5,31.3,33.1,34.8,35.5,30.3,31.0,33.1,35.1,35.7
head,38,3,1.611,33.103,0.040,30.5,31.4,33.1,34.8,35.6,30.4,31.1,33.1,35.1,35.7
head,38,4,1.595,33.140,0.040,30.6,31.4,33.1,34.8,35.6,30.4,31.1,33.1,35.1,35.7
head,38,5,1.587,33.157,0.040,30.6,31.4,33.2,34.8,35.6,30.4,31.1,33.2,35.1,35.8
head,38,6,1.573,33.189,0.040,30.6,31.5,33.2,34.9,35.6,30.5,31.2,33.2,35.1,35.8
head,39,0,1.566,33.206,0.040,30.7,31.5,33.2,34.9,35.6,30.5,31.2,33.2,35.2,35.8
head,39,1,1.559,33.222,0.040,30.7,31.5,33.2,34.9,35.7,30.5,31.2,33.2,35.2,35.8
head,39,2,1.544,33.256,0.040,30.7,31.5,33.3,34.9,35.7,30.6,31.2,33.3,35.2,35.8
head,39,3,1.537,33.273,0.039,30.7,31.6,33.3,34.9,35.7,30.6,31.3,33.3,35.2,35.8
head,39,4,1.520,33.311,0.039,30.8,31.6,33.3,35.0,35.7,30.6,31.3,33.3,35.2,35.9
head,39,5,1.511,33.331,0.039,30.8,31.6,33.3,35.0,35.7,30.7,31.3,33.3,35.3,35.9
head,39,6,1.492,33.374,0.039,30.9,31.7,33.4,35.0,35.8,30.7,31.4,33.4,35.3,35.9
head,40,0,1.482,33.397,0.039,30.9,31.7,33.4,35.0,35.8,30.7,31.4,33.4,35.3,35.9
head,40,1,1.472,33.420,0.039,30.9,31.7,33.4,35.1,35.8,30.8,31.4,33.4,35.3,36.0
head,40,2,1.450,33.470,0.039,31.0,31.8,33.5,35.1,35.9,30.8,31.5,33.5,35.4,36.0
head,40,3,1.439,33.496,0.038,31.0,31.8,33.5,35.1,35.9,30.9,31.5,33.5,35.4,36.0
head,40,4,1.415,33.550,0.038,31.1,31.9,33.5,35.2,35.9,30.9,31.6,33.5,35.4,36.1
head,40,5,1.403,33.577,0.038,31.1,31.9,33.6,35.2,35.9,31.0,31.6,33.6,35.5,36.1
head,40,6,1.378,33.633,0.038,31.2,32.0,33.6,35.2,36.0,31.1,31.7,33.6,35.5,36.1
head,41,0,1.365,33.662,0.038,31.2,32.0,33.7,35.3,36.0,31.1,31.7,33.7,35.5,36.2
head,41,1,1.353,33.691,0.038,31.3,32.1,33.7,35.3,36.0,31.1,31.8,33.7,35.6,36.2
head,41,2,1.327,33.749,0.037,31.4,32.1,33.7,35.3,36.1,31.2,31.8,33.7,35.6,36.2
head,41,3,1.314,33.779,0.037,31.4,32.2,33.8,35.4,36.1,31.2,31.9,33.8,35.6,36.3
head,41,4,1.288,33.838,0.037,31.5,32.2,33.8,35.4,36.2,31.3,32.0,33.8,35.7,36.3
head,41,5,1.275,33.867,0.037,31.5,32.3,33.9,35.5,36.2,31.4,32.0,33.9,35.7,36.3
head,41,6,1.249,33.927,0.036,31.6,32.3,33.9,35.5,36.2,31.4,32.1,33.9,35.8,36.4